[debug] [2026-01-02T14:28:33.449Z] ----------------------------------------------------------------------
[debug] [2026-01-02T14:28:33.455Z] Command:       /nix/store/ws50yvm6vzlzf7jzz6n7xh4szddrack1-nodejs-20.19.1/bin/node /nix/store/c776mhyhgykcld7p90ajrka149ifn61a-firebase-tools-14.26.0/lib/node_modules/firebase-tools/lib/bin/firebase.js deploy --only functions
[debug] [2026-01-02T14:28:33.460Z] CLI Version:   14.26.0
[debug] [2026-01-02T14:28:33.460Z] Platform:      linux
[debug] [2026-01-02T14:28:33.461Z] Node Version:  v20.19.1
[debug] [2026-01-02T14:28:33.461Z] Time:          Fri Jan 02 2026 14:28:33 GMT+0000 (Coordinated Universal Time)
[debug] [2026-01-02T14:28:33.461Z] ----------------------------------------------------------------------
[debug] 
[debug] [2026-01-02T14:28:34.404Z] Object "" in "firebase.json" has unknown property: {"additionalProperty":"project"}
[debug] [2026-01-02T14:28:34.408Z] No OAuth tokens found
[debug] [2026-01-02T14:28:34.409Z] No OAuth tokens found
[error] Failed to fetch Firebase Project from current Studio Workspace: Unable to refresh auth: not yet authenticated.
[debug] [2026-01-02T14:28:34.415Z] > command requires scopes: ["email","openid","https://www.googleapis.com/auth/cloudplatformprojects.readonly","https://www.googleapis.com/auth/firebase","https://www.googleapis.com/auth/cloud-platform","https://www.googleapis.com/auth/userinfo.email"]
[debug] [2026-01-02T14:28:34.416Z] > authorizing via signed-in user (zippsuperapp@gmail.com)
[debug] [2026-01-02T14:28:34.416Z] [iam] checking project studio-7004719050-b856d for permissions ["cloudfunctions.functions.create","cloudfunctions.functions.delete","cloudfunctions.functions.get","cloudfunctions.functions.list","cloudfunctions.functions.update","cloudfunctions.operations.get","firebase.projects.get"]
[debug] [2026-01-02T14:28:34.417Z] No OAuth tokens found
[debug] [2026-01-02T14:28:34.417Z] No OAuth tokens found
[debug] [2026-01-02T14:28:34.417Z] > command requires scopes: ["email","openid","https://www.googleapis.com/auth/cloudplatformprojects.readonly","https://www.googleapis.com/auth/firebase","https://www.googleapis.com/auth/cloud-platform","https://www.googleapis.com/auth/userinfo.email"]
[debug] [2026-01-02T14:28:34.417Z] > authorizing via signed-in user (zippsuperapp@gmail.com)
[debug] [2026-01-02T14:28:34.421Z] >>> [apiv2][query] POST https://cloudresourcemanager.googleapis.com/v1/projects/studio-7004719050-b856d:testIamPermissions [none]
[debug] [2026-01-02T14:28:34.421Z] >>> [apiv2][(partial)header] POST https://cloudresourcemanager.googleapis.com/v1/projects/studio-7004719050-b856d:testIamPermissions x-goog-quota-user=projects/studio-7004719050-b856d
[debug] [2026-01-02T14:28:34.421Z] >>> [apiv2][body] POST https://cloudresourcemanager.googleapis.com/v1/projects/studio-7004719050-b856d:testIamPermissions {"permissions":["cloudfunctions.functions.create","cloudfunctions.functions.delete","cloudfunctions.functions.get","cloudfunctions.functions.list","cloudfunctions.functions.update","cloudfunctions.operations.get","firebase.projects.get"]}
[debug] [2026-01-02T14:28:35.301Z] <<< [apiv2][status] POST https://cloudresourcemanager.googleapis.com/v1/projects/studio-7004719050-b856d:testIamPermissions 200
[debug] [2026-01-02T14:28:35.304Z] <<< [apiv2][body] POST https://cloudresourcemanager.googleapis.com/v1/projects/studio-7004719050-b856d:testIamPermissions {"permissions":["cloudfunctions.functions.create","cloudfunctions.functions.delete","cloudfunctions.functions.get","cloudfunctions.functions.list","cloudfunctions.functions.update","cloudfunctions.operations.get","firebase.projects.get"]}
[debug] [2026-01-02T14:28:35.307Z] No OAuth tokens found
[debug] [2026-01-02T14:28:35.308Z] No OAuth tokens found
[debug] [2026-01-02T14:28:35.308Z] > command requires scopes: ["email","openid","https://www.googleapis.com/auth/cloudplatformprojects.readonly","https://www.googleapis.com/auth/firebase","https://www.googleapis.com/auth/cloud-platform","https://www.googleapis.com/auth/userinfo.email"]
[debug] [2026-01-02T14:28:35.308Z] > authorizing via signed-in user (zippsuperapp@gmail.com)
[debug] [2026-01-02T14:28:35.310Z] >>> [apiv2][query] POST https://iam.googleapis.com/v1/projects/studio-7004719050-b856d/serviceAccounts/studio-7004719050-b856d@appspot.gserviceaccount.com:testIamPermissions [none]
[debug] [2026-01-02T14:28:35.310Z] >>> [apiv2][body] POST https://iam.googleapis.com/v1/projects/studio-7004719050-b856d/serviceAccounts/studio-7004719050-b856d@appspot.gserviceaccount.com:testIamPermissions {"permissions":["iam.serviceAccounts.actAs"]}
[debug] [2026-01-02T14:28:36.295Z] <<< [apiv2][status] POST https://iam.googleapis.com/v1/projects/studio-7004719050-b856d/serviceAccounts/studio-7004719050-b856d@appspot.gserviceaccount.com:testIamPermissions 200
[debug] [2026-01-02T14:28:36.297Z] <<< [apiv2][body] POST https://iam.googleapis.com/v1/projects/studio-7004719050-b856d/serviceAccounts/studio-7004719050-b856d@appspot.gserviceaccount.com:testIamPermissions {"permissions":["iam.serviceAccounts.actAs"]}
[info] 
[info] === Deploying to 'studio-7004719050-b856d'...
[info] 
[info] i  deploying functions 
[info] Running command: npm --prefix functions run build
[info] ✔  functions: Finished running predeploy script. 
[debug] [2026-01-02T14:28:48.486Z] No OAuth tokens found
[debug] [2026-01-02T14:28:48.486Z] No OAuth tokens found
[debug] [2026-01-02T14:28:48.486Z] > command requires scopes: ["email","openid","https://www.googleapis.com/auth/cloudplatformprojects.readonly","https://www.googleapis.com/auth/firebase","https://www.googleapis.com/auth/cloud-platform","https://www.googleapis.com/auth/userinfo.email"]
[debug] [2026-01-02T14:28:48.486Z] > authorizing via signed-in user (zippsuperapp@gmail.com)
[debug] [2026-01-02T14:28:48.487Z] >>> [apiv2][query] GET https://cloudresourcemanager.googleapis.com/v1/projects/studio-7004719050-b856d [none]
[debug] [2026-01-02T14:28:49.303Z] <<< [apiv2][status] GET https://cloudresourcemanager.googleapis.com/v1/projects/studio-7004719050-b856d 200
[debug] [2026-01-02T14:28:49.306Z] <<< [apiv2][body] GET https://cloudresourcemanager.googleapis.com/v1/projects/studio-7004719050-b856d {"projectNumber":"749480647588","projectId":"studio-7004719050-b856d","lifecycleState":"ACTIVE","name":"Firebase app","labels":{"firebase":"enabled","firebase-core":"disabled"},"createTime":"2025-12-31T11:35:25.558536Z"}
[info] i  functions: preparing codebase default for deployment 
[info] i  functions: ensuring required API cloudfunctions.googleapis.com is enabled... 
[info] i  functions: ensuring required API cloudbuild.googleapis.com is enabled... 
[info] i  artifactregistry: ensuring required API artifactregistry.googleapis.com is enabled... 
[debug] [2026-01-02T14:28:49.314Z] No OAuth tokens found
[debug] [2026-01-02T14:28:49.314Z] No OAuth tokens found
[debug] [2026-01-02T14:28:49.314Z] > command requires scopes: ["email","openid","https://www.googleapis.com/auth/cloudplatformprojects.readonly","https://www.googleapis.com/auth/firebase","https://www.googleapis.com/auth/cloud-platform","https://www.googleapis.com/auth/userinfo.email"]
[debug] [2026-01-02T14:28:49.314Z] > authorizing via signed-in user (zippsuperapp@gmail.com)
[debug] [2026-01-02T14:28:49.316Z] >>> [apiv2][query] GET https://firebase.googleapis.com/v1beta1/projects/studio-7004719050-b856d/adminSdkConfig [none]
[debug] [2026-01-02T14:28:50.014Z] <<< [apiv2][status] GET https://firebase.googleapis.com/v1beta1/projects/studio-7004719050-b856d/adminSdkConfig 200
[debug] [2026-01-02T14:28:50.016Z] <<< [apiv2][body] GET https://firebase.googleapis.com/v1beta1/projects/studio-7004719050-b856d/adminSdkConfig {"projectId":"studio-7004719050-b856d","storageBucket":"studio-7004719050-b856d.firebasestorage.app"}
[debug] [2026-01-02T14:28:50.018Z] No OAuth tokens found
[debug] [2026-01-02T14:28:50.018Z] No OAuth tokens found
[debug] [2026-01-02T14:28:50.019Z] > command requires scopes: ["email","openid","https://www.googleapis.com/auth/cloudplatformprojects.readonly","https://www.googleapis.com/auth/firebase","https://www.googleapis.com/auth/cloud-platform","https://www.googleapis.com/auth/userinfo.email"]
[debug] [2026-01-02T14:28:50.019Z] > authorizing via signed-in user (zippsuperapp@gmail.com)
[debug] [2026-01-02T14:28:50.019Z] >>> [apiv2][query] GET https://runtimeconfig.googleapis.com/v1beta1/projects/studio-7004719050-b856d/configs [none]
[debug] [2026-01-02T14:28:50.345Z] <<< [apiv2][status] GET https://runtimeconfig.googleapis.com/v1beta1/projects/studio-7004719050-b856d/configs 200
[debug] [2026-01-02T14:28:50.347Z] <<< [apiv2][body] GET https://runtimeconfig.googleapis.com/v1beta1/projects/studio-7004719050-b856d/configs {}
[debug] [2026-01-02T14:28:50.350Z] Validating nodejs source
[debug] [2026-01-02T14:28:51.692Z] > [functions] package.json contents: {
  "name": "functions",
  "private": true,
  "scripts": {
    "build": "npm run compile",
    "compile": "rm -rf build && tsc",
    "deploy": "firebase deploy --only functions",
    "logs": "firebase functions:log"
  },
  "engines": {
    "node": "20"
  },
  "main": "build/index.js",
  "dependencies": {
    "@googlemaps/google-maps-services-js": "^3.4.0",
    "cors": "^2.8.5",
    "firebase-admin": "^12.0.0",
    "firebase-functions": "^5.0.1",
    "node-fetch": "^2.7.0"
  },
  "devDependencies": {
    "@types/cors": "^2.8.17",
    "@types/google.maps": "^3.58.1",
    "@types/node-fetch": "^2.6.11",
    "esbuild": "^0.23.0",
    "typescript": "^5.0.0"
  },
  "description": "Zipp Super App Cloud Functions"
}
[debug] [2026-01-02T14:28:51.693Z] Building nodejs source
[info] i  functions: Loading and analyzing source code for codebase default to determine what to deploy 
[debug] [2026-01-02T14:28:51.699Z] Could not find functions.yaml. Must use http discovery
[debug] [2026-01-02T14:28:51.720Z] Found firebase-functions binary at '/home/user/studio/functions/node_modules/.bin/firebase-functions'
[info] Serving at port 8471

[debug] [2026-01-02T14:28:53.364Z] Got response from /__/functions.yaml {"endpoints":{"migrateVendorPhotos":{"availableMemoryMb":null,"timeoutSeconds":540,"minInstances":null,"maxInstances":null,"ingressSettings":null,"concurrency":null,"serviceAccountEmail":null,"vpc":null,"platform":"gcfv2","region":["us-central1"],"secretEnvironmentVariables":[{"key":"PLACES_KEY"}],"labels":{},"httpsTrigger":{},"entryPoint":"migrateVendorPhotos"},"finalizeVendorClaim":{"availableMemoryMb":null,"timeoutSeconds":null,"minInstances":null,"maxInstances":null,"ingressSettings":null,"concurrency":null,"serviceAccountEmail":null,"vpc":null,"platform":"gcfv2","region":["us-central1"],"labels":{},"callableTrigger":{},"entryPoint":"finalizeVendorClaim"},"getVendorDataset":{"availableMemoryMb":null,"timeoutSeconds":null,"minInstances":null,"maxInstances":null,"ingressSettings":null,"concurrency":null,"serviceAccountEmail":null,"vpc":null,"platform":"gcfv2","region":["us-central1"],"labels":{},"callableTrigger":{},"entryPoint":"getVendorDataset"},"manuallyGenerateVendorSnapshot":{"availableMemoryMb":null,"timeoutSeconds":300,"minInstances":null,"maxInstances":null,"ingressSettings":null,"concurrency":null,"serviceAccountEmail":null,"vpc":null,"platform":"gcfv2","region":["us-central1"],"labels":{},"callableTrigger":{},"entryPoint":"manuallyGenerateVendorSnapshot"},"updateZippHighlights":{"availableMemoryMb":null,"timeoutSeconds":null,"minInstances":null,"maxInstances":null,"ingressSettings":null,"concurrency":null,"serviceAccountEmail":null,"vpc":null,"platform":"gcfv2","region":["us-central1"],"labels":{},"scheduleTrigger":{"schedule":"every 24 hours","retryConfig":{}},"entryPoint":"updateZippHighlights"},"onVendorCreate":{"availableMemoryMb":null,"timeoutSeconds":null,"minInstances":null,"maxInstances":null,"ingressSettings":null,"concurrency":null,"serviceAccountEmail":null,"vpc":null,"platform":"gcfv2","region":["us-central1"],"labels":{},"eventTrigger":{"eventType":"google.cloud.firestore.document.v1.created","eventFilters":{"database":"(default)","namespace":"(default)"},"eventFilterPathPatterns":{"document":"vendors/{vendorId}"},"retry":false},"entryPoint":"onVendorCreate"},"onVendorDelete":{"availableMemoryMb":null,"timeoutSeconds":null,"minInstances":null,"maxInstances":null,"ingressSettings":null,"concurrency":null,"serviceAccountEmail":null,"vpc":null,"platform":"gcfv2","region":["us-central1"],"labels":{},"eventTrigger":{"eventType":"google.cloud.firestore.document.v1.deleted","eventFilters":{"database":"(default)","namespace":"(default)"},"eventFilterPathPatterns":{"document":"vendors/{vendorId}"},"retry":false},"entryPoint":"onVendorDelete"},"scheduledVendorSnapshot":{"availableMemoryMb":null,"timeoutSeconds":null,"minInstances":null,"maxInstances":null,"ingressSettings":null,"concurrency":null,"serviceAccountEmail":null,"vpc":null,"platform":"gcfv2","region":["us-central1"],"labels":{},"scheduleTrigger":{"schedule":"every 4 hours","retryConfig":{}},"entryPoint":"scheduledVendorSnapshot"},"placePhotoProxy":{"availableMemoryMb":null,"timeoutSeconds":null,"minInstances":null,"maxInstances":null,"ingressSettings":null,"concurrency":null,"serviceAccountEmail":null,"vpc":null,"platform":"gcfv2","region":["us-central1"],"secretEnvironmentVariables":[{"key":"PLACES_KEY"}],"labels":{},"httpsTrigger":{},"entryPoint":"placePhotoProxy"},"manuallyRunZippHighlights":{"availableMemoryMb":null,"timeoutSeconds":null,"minInstances":null,"maxInstances":null,"ingressSettings":null,"concurrency":null,"serviceAccountEmail":null,"vpc":null,"platform":"gcfv2","region":["us-central1"],"labels":{},"httpsTrigger":{},"entryPoint":"manuallyRunZippHighlights"}},"specVersion":"v1alpha1","requiredAPIs":[{"api":"cloudscheduler.googleapis.com","reason":"Needed for scheduled functions."}],"extensions":{}}
[info] i  extensions: ensuring required API firebaseextensions.googleapis.com is enabled... 
[debug] [2026-01-02T14:28:53.519Z] > command requires scopes: ["email","openid","https://www.googleapis.com/auth/cloudplatformprojects.readonly","https://www.googleapis.com/auth/firebase","https://www.googleapis.com/auth/cloud-platform","https://www.googleapis.com/auth/userinfo.email"]
[debug] [2026-01-02T14:28:53.519Z] > authorizing via signed-in user (zippsuperapp@gmail.com)
[debug] [2026-01-02T14:28:53.519Z] [iam] checking project studio-7004719050-b856d for permissions ["firebase.projects.get","firebaseextensions.instances.list"]
[debug] [2026-01-02T14:28:53.520Z] No OAuth tokens found
[debug] [2026-01-02T14:28:53.520Z] No OAuth tokens found
[debug] [2026-01-02T14:28:53.520Z] > command requires scopes: ["email","openid","https://www.googleapis.com/auth/cloudplatformprojects.readonly","https://www.googleapis.com/auth/firebase","https://www.googleapis.com/auth/cloud-platform","https://www.googleapis.com/auth/userinfo.email"]
[debug] [2026-01-02T14:28:53.520Z] > authorizing via signed-in user (zippsuperapp@gmail.com)
[debug] [2026-01-02T14:28:53.522Z] >>> [apiv2][query] POST https://cloudresourcemanager.googleapis.com/v1/projects/studio-7004719050-b856d:testIamPermissions [none]
[debug] [2026-01-02T14:28:53.522Z] >>> [apiv2][(partial)header] POST https://cloudresourcemanager.googleapis.com/v1/projects/studio-7004719050-b856d:testIamPermissions x-goog-quota-user=projects/studio-7004719050-b856d
[debug] [2026-01-02T14:28:53.522Z] >>> [apiv2][body] POST https://cloudresourcemanager.googleapis.com/v1/projects/studio-7004719050-b856d:testIamPermissions {"permissions":["firebase.projects.get","firebaseextensions.instances.list"]}
[debug] [2026-01-02T14:28:53.683Z] <<< [apiv2][status] POST https://cloudresourcemanager.googleapis.com/v1/projects/studio-7004719050-b856d:testIamPermissions 200
[debug] [2026-01-02T14:28:53.684Z] <<< [apiv2][body] POST https://cloudresourcemanager.googleapis.com/v1/projects/studio-7004719050-b856d:testIamPermissions {"permissions":["firebase.projects.get","firebaseextensions.instances.list"]}
[debug] [2026-01-02T14:28:53.685Z] No OAuth tokens found
[debug] [2026-01-02T14:28:53.687Z] No OAuth tokens found
[debug] [2026-01-02T14:28:53.687Z] > command requires scopes: ["email","openid","https://www.googleapis.com/auth/cloudplatformprojects.readonly","https://www.googleapis.com/auth/firebase","https://www.googleapis.com/auth/cloud-platform","https://www.googleapis.com/auth/userinfo.email"]
[debug] [2026-01-02T14:28:53.688Z] > authorizing via signed-in user (zippsuperapp@gmail.com)
[debug] [2026-01-02T14:28:53.690Z] >>> [apiv2][query] GET https://firebaseextensions.googleapis.com/v1beta/projects/studio-7004719050-b856d/instances pageSize=100&pageToken=
[debug] [2026-01-02T14:28:54.650Z] <<< [apiv2][status] GET https://firebaseextensions.googleapis.com/v1beta/projects/studio-7004719050-b856d/instances 200
[debug] [2026-01-02T14:28:54.651Z] <<< [apiv2][body] GET https://firebaseextensions.googleapis.com/v1beta/projects/studio-7004719050-b856d/instances {}
[info] i  functions: preparing functions directory for uploading... 
[info] i  functions: packaged /home/user/studio/functions (87.82 KB) for uploading 
[debug] [2026-01-02T14:28:54.900Z] No OAuth tokens found
[debug] [2026-01-02T14:28:54.900Z] No OAuth tokens found
[debug] [2026-01-02T14:28:54.900Z] > command requires scopes: ["email","openid","https://www.googleapis.com/auth/cloudplatformprojects.readonly","https://www.googleapis.com/auth/firebase","https://www.googleapis.com/auth/cloud-platform","https://www.googleapis.com/auth/userinfo.email"]
[debug] [2026-01-02T14:28:54.900Z] > authorizing via signed-in user (zippsuperapp@gmail.com)
[debug] [2026-01-02T14:28:54.901Z] >>> [apiv2][query] GET https://cloudfunctions.googleapis.com/v1/projects/studio-7004719050-b856d/locations/-/functions [none]
[debug] [2026-01-02T14:28:55.626Z] <<< [apiv2][status] GET https://cloudfunctions.googleapis.com/v1/projects/studio-7004719050-b856d/locations/-/functions 200
[debug] [2026-01-02T14:28:55.626Z] <<< [apiv2][body] GET https://cloudfunctions.googleapis.com/v1/projects/studio-7004719050-b856d/locations/-/functions {}
[debug] [2026-01-02T14:28:55.627Z] No OAuth tokens found
[debug] [2026-01-02T14:28:55.629Z] No OAuth tokens found
[debug] [2026-01-02T14:28:55.629Z] > command requires scopes: ["email","openid","https://www.googleapis.com/auth/cloudplatformprojects.readonly","https://www.googleapis.com/auth/firebase","https://www.googleapis.com/auth/cloud-platform","https://www.googleapis.com/auth/userinfo.email"]
[debug] [2026-01-02T14:28:55.630Z] > authorizing via signed-in user (zippsuperapp@gmail.com)
[debug] [2026-01-02T14:28:55.630Z] >>> [apiv2][query] GET https://cloudfunctions.googleapis.com/v2/projects/studio-7004719050-b856d/locations/-/functions filter=environment%3D%22GEN_2%22
[debug] [2026-01-02T14:28:56.887Z] <<< [apiv2][status] GET https://cloudfunctions.googleapis.com/v2/projects/studio-7004719050-b856d/locations/-/functions 200
[debug] [2026-01-02T14:28:56.887Z] <<< [apiv2][body] GET https://cloudfunctions.googleapis.com/v2/projects/studio-7004719050-b856d/locations/-/functions {"functions":[{"name":"projects/studio-7004719050-b856d/locations/us-central1/functions/manuallyGenerateVendorSnapshot","buildConfig":{"build":"projects/749480647588/locations/us-central1/builds/ba6adf4a-ac9d-4461-9a4d-d3f744d00671","runtime":"nodejs20","entryPoint":"manuallyGenerateVendorSnapshot","source":{"storageSource":{"bucket":"gcf-v2-sources-749480647588-us-central1","object":"manuallyGenerateVendorSnapshot/function-source.zip","generation":"1767330321692738"}},"environmentVariables":{"GOOGLE_NODE_RUN_SCRIPTS":""},"dockerRepository":"projects/studio-7004719050-b856d/locations/us-central1/repositories/gcf-artifacts","sourceProvenance":{"resolvedStorageSource":{"bucket":"gcf-v2-sources-749480647588-us-central1","object":"manuallyGenerateVendorSnapshot/function-source.zip","generation":"1767330321692738"}},"dockerRegistry":"ARTIFACT_REGISTRY","serviceAccount":"projects/studio-7004719050-b856d/serviceAccounts/749480647588-compute@developer.gserviceaccount.com","automaticUpdatePolicy":{}},"serviceConfig":{"service":"projects/studio-7004719050-b856d/locations/us-central1/services/manuallygeneratevendorsnapshot","timeoutSeconds":300,"environmentVariables":{"FIREBASE_CONFIG":"{\"projectId\":\"studio-7004719050-b856d\",\"storageBucket\":\"studio-7004719050-b856d.firebasestorage.app\"}","GCLOUD_PROJECT":"studio-7004719050-b856d","EVENTARC_CLOUD_EVENT_SOURCE":"projects/studio-7004719050-b856d/locations/us-central1/services/manuallyGenerateVendorSnapshot","FUNCTION_TARGET":"manuallyGenerateVendorSnapshot","LOG_EXECUTION_ID":"true","FUNCTION_SIGNATURE_TYPE":"http"},"maxInstanceCount":12,"ingressSettings":"ALLOW_ALL","uri":"https://manuallygeneratevendorsnapshot-h2s6nj5p3q-uc.a.run.app","serviceAccountEmail":"749480647588-compute@developer.gserviceaccount.com","availableMemory":"256Mi","allTrafficOnLatestRevision":true,"revision":"manuallygeneratevendorsnapshot-00025-puj","maxInstanceRequestConcurrency":80,"availableCpu":"1"},"state":"ACTIVE","updateTime":"2026-01-02T14:27:32.815780496Z","labels":{"deployment-tool":"cli-firebase--project-idx","deployment-callable":"true","firebase-functions-hash":"4f2e8831f96e89eb5b621a696e8597617a70d948"},"environment":"GEN_2","url":"https://us-central1-studio-7004719050-b856d.cloudfunctions.net/manuallyGenerateVendorSnapshot","createTime":"2026-01-01T02:54:04.541482992Z","satisfiesPzi":true},{"name":"projects/studio-7004719050-b856d/locations/us-central1/functions/scheduledVendorSnapshot","buildConfig":{"build":"projects/749480647588/locations/us-central1/builds/ba6adf4a-ac9d-4461-9a4d-d3f744d00671","runtime":"nodejs20","entryPoint":"scheduledVendorSnapshot","source":{"storageSource":{"bucket":"gcf-v2-sources-749480647588-us-central1","object":"scheduledVendorSnapshot/function-source.zip","generation":"1767330321740794"}},"environmentVariables":{"GOOGLE_NODE_RUN_SCRIPTS":""},"dockerRepository":"projects/studio-7004719050-b856d/locations/us-central1/repositories/gcf-artifacts","sourceProvenance":{"resolvedStorageSource":{"bucket":"gcf-v2-sources-749480647588-us-central1","object":"scheduledVendorSnapshot/function-source.zip","generation":"1767330321740794"}},"dockerRegistry":"ARTIFACT_REGISTRY","serviceAccount":"projects/studio-7004719050-b856d/serviceAccounts/749480647588-compute@developer.gserviceaccount.com","automaticUpdatePolicy":{}},"serviceConfig":{"service":"projects/studio-7004719050-b856d/locations/us-central1/services/scheduledvendorsnapshot","timeoutSeconds":60,"environmentVariables":{"FIREBASE_CONFIG":"{\"projectId\":\"studio-7004719050-b856d\",\"storageBucket\":\"studio-7004719050-b856d.firebasestorage.app\"}","GCLOUD_PROJECT":"studio-7004719050-b856d","EVENTARC_CLOUD_EVENT_SOURCE":"projects/studio-7004719050-b856d/locations/us-central1/services/scheduledVendorSnapshot","FUNCTION_TARGET":"scheduledVendorSnapshot","LOG_EXECUTION_ID":"true","FUNCTION_SIGNATURE_TYPE":"http"},"maxInstanceCount":12,"ingressSettings":"ALLOW_ALL","uri":"https://scheduledvendorsnapshot-h2s6nj5p3q-uc.a.run.app","serviceAccountEmail":"749480647588-compute@developer.gserviceaccount.com","availableMemory":"256Mi","allTrafficOnLatestRevision":true,"revision":"scheduledvendorsnapshot-00025-qiz","maxInstanceRequestConcurrency":80,"availableCpu":"1"},"state":"ACTIVE","updateTime":"2026-01-02T14:27:32.477923529Z","labels":{"deployment-scheduled":"true","firebase-functions-hash":"4f2e8831f96e89eb5b621a696e8597617a70d948","deployment-tool":"cli-firebase--project-idx"},"environment":"GEN_2","url":"https://us-central1-studio-7004719050-b856d.cloudfunctions.net/scheduledVendorSnapshot","createTime":"2026-01-01T02:54:04.439291903Z","satisfiesPzi":true},{"name":"projects/studio-7004719050-b856d/locations/us-central1/functions/finalizeVendorClaim","buildConfig":{"build":"projects/749480647588/locations/us-central1/builds/ba6adf4a-ac9d-4461-9a4d-d3f744d00671","runtime":"nodejs20","entryPoint":"finalizeVendorClaim","source":{"storageSource":{"bucket":"gcf-v2-sources-749480647588-us-central1","object":"finalizeVendorClaim/function-source.zip","generation":"1767330243695654"}},"environmentVariables":{"GOOGLE_NODE_RUN_SCRIPTS":""},"dockerRepository":"projects/studio-7004719050-b856d/locations/us-central1/repositories/gcf-artifacts","sourceProvenance":{"resolvedStorageSource":{"bucket":"gcf-v2-sources-749480647588-us-central1","object":"finalizeVendorClaim/function-source.zip","generation":"1767330243695654"}},"dockerRegistry":"ARTIFACT_REGISTRY","serviceAccount":"projects/studio-7004719050-b856d/serviceAccounts/749480647588-compute@developer.gserviceaccount.com","automaticUpdatePolicy":{}},"serviceConfig":{"service":"projects/studio-7004719050-b856d/locations/us-central1/services/finalizevendorclaim","timeoutSeconds":60,"environmentVariables":{"FIREBASE_CONFIG":"{\"projectId\":\"studio-7004719050-b856d\",\"storageBucket\":\"studio-7004719050-b856d.firebasestorage.app\"}","GCLOUD_PROJECT":"studio-7004719050-b856d","EVENTARC_CLOUD_EVENT_SOURCE":"projects/studio-7004719050-b856d/locations/us-central1/services/finalizeVendorClaim","FUNCTION_TARGET":"finalizeVendorClaim","LOG_EXECUTION_ID":"true","FUNCTION_SIGNATURE_TYPE":"http"},"maxInstanceCount":12,"ingressSettings":"ALLOW_ALL","uri":"https://finalizevendorclaim-h2s6nj5p3q-uc.a.run.app","serviceAccountEmail":"749480647588-compute@developer.gserviceaccount.com","availableMemory":"256Mi","allTrafficOnLatestRevision":true,"revision":"finalizevendorclaim-00025-lat","maxInstanceRequestConcurrency":80,"availableCpu":"1"},"state":"ACTIVE","updateTime":"2026-01-02T14:27:35.221751729Z","labels":{"deployment-tool":"cli-firebase--project-idx","deployment-callable":"true","firebase-functions-hash":"4f2e8831f96e89eb5b621a696e8597617a70d948"},"environment":"GEN_2","url":"https://us-central1-studio-7004719050-b856d.cloudfunctions.net/finalizeVendorClaim","createTime":"2026-01-01T02:52:36.524901341Z","satisfiesPzi":true},{"name":"projects/studio-7004719050-b856d/locations/us-central1/functions/onVendorCreate","buildConfig":{"build":"projects/749480647588/locations/us-central1/builds/ba6adf4a-ac9d-4461-9a4d-d3f744d00671","runtime":"nodejs20","entryPoint":"onVendorCreate","source":{"storageSource":{"bucket":"gcf-v2-sources-749480647588-us-central1","object":"onVendorCreate/function-source.zip","generation":"1767330321795482"}},"environmentVariables":{"GOOGLE_NODE_RUN_SCRIPTS":""},"dockerRepository":"projects/studio-7004719050-b856d/locations/us-central1/repositories/gcf-artifacts","sourceProvenance":{"resolvedStorageSource":{"bucket":"gcf-v2-sources-749480647588-us-central1","object":"onVendorCreate/function-source.zip","generation":"1767330321795482"}},"dockerRegistry":"ARTIFACT_REGISTRY","serviceAccount":"projects/studio-7004719050-b856d/serviceAccounts/749480647588-compute@developer.gserviceaccount.com","automaticUpdatePolicy":{}},"serviceConfig":{"service":"projects/studio-7004719050-b856d/locations/us-central1/services/onvendorcreate","timeoutSeconds":60,"environmentVariables":{"FIREBASE_CONFIG":"{\"projectId\":\"studio-7004719050-b856d\",\"storageBucket\":\"studio-7004719050-b856d.firebasestorage.app\"}","GCLOUD_PROJECT":"studio-7004719050-b856d","EVENTARC_CLOUD_EVENT_SOURCE":"projects/studio-7004719050-b856d/locations/us-central1/services/onVendorCreate","FUNCTION_SIGNATURE_TYPE":"cloudevent","FUNCTION_TARGET":"onVendorCreate","LOG_EXECUTION_ID":"true"},"maxInstanceCount":12,"ingressSettings":"ALLOW_ALL","uri":"https://onvendorcreate-h2s6nj5p3q-uc.a.run.app","serviceAccountEmail":"749480647588-compute@developer.gserviceaccount.com","availableMemory":"256Mi","allTrafficOnLatestRevision":true,"revision":"onvendorcreate-00025-lev","maxInstanceRequestConcurrency":80,"availableCpu":"1"},"eventTrigger":{"trigger":"projects/studio-7004719050-b856d/locations/us-central1/triggers/onvendorcreate-069583","triggerRegion":"us-central1","eventType":"google.cloud.firestore.document.v1.created","eventFilters":[{"attribute":"database","value":"(default)"},{"attribute":"namespace","value":"(default)"},{"attribute":"document","value":"vendors/{vendorId}","operator":"match-path-pattern"}],"pubsubTopic":"projects/studio-7004719050-b856d/topics/eventarc-us-central1-onvendorcreate-069583-824","serviceAccountEmail":"749480647588-compute@developer.gserviceaccount.com","retryPolicy":"RETRY_POLICY_DO_NOT_RETRY"},"state":"ACTIVE","updateTime":"2026-01-02T14:27:37.182982710Z","labels":{"deployment-tool":"cli-firebase--project-idx","firebase-functions-hash":"4f2e8831f96e89eb5b621a696e8597617a70d948"},"environment":"GEN_2","url":"https://us-central1-studio-7004719050-b856d.cloudfunctions.net/onVendorCreate","createTime":"2026-01-01T02:58:04.726065747Z","satisfiesPzi":true},{"name":"projects/studio-7004719050-b856d/locations/us-central1/functions/onVendorDelete","buildConfig":{"build":"projects/749480647588/locations/us-central1/builds/ba6adf4a-ac9d-4461-9a4d-d3f744d00671","runtime":"nodejs20","entryPoint":"onVendorDelete","source":{"storageSource":{"bucket":"gcf-v2-sources-749480647588-us-central1","object":"onVendorDelete/function-source.zip","generation":"1767330321732847"}},"environmentVariables":{"GOOGLE_NODE_RUN_SCRIPTS":""},"dockerRepository":"projects/studio-7004719050-b856d/locations/us-central1/repositories/gcf-artifacts","sourceProvenance":{"resolvedStorageSource":{"bucket":"gcf-v2-sources-749480647588-us-central1","object":"onVendorDelete/function-source.zip","generation":"1767330321732847"}},"dockerRegistry":"ARTIFACT_REGISTRY","serviceAccount":"projects/studio-7004719050-b856d/serviceAccounts/749480647588-compute@developer.gserviceaccount.com","automaticUpdatePolicy":{}},"serviceConfig":{"service":"projects/studio-7004719050-b856d/locations/us-central1/services/onvendordelete","timeoutSeconds":60,"environmentVariables":{"FIREBASE_CONFIG":"{\"projectId\":\"studio-7004719050-b856d\",\"storageBucket\":\"studio-7004719050-b856d.firebasestorage.app\"}","GCLOUD_PROJECT":"studio-7004719050-b856d","EVENTARC_CLOUD_EVENT_SOURCE":"projects/studio-7004719050-b856d/locations/us-central1/services/onVendorDelete","FUNCTION_SIGNATURE_TYPE":"cloudevent","FUNCTION_TARGET":"onVendorDelete","LOG_EXECUTION_ID":"true"},"maxInstanceCount":12,"ingressSettings":"ALLOW_ALL","uri":"https://onvendordelete-h2s6nj5p3q-uc.a.run.app","serviceAccountEmail":"749480647588-compute@developer.gserviceaccount.com","availableMemory":"256Mi","allTrafficOnLatestRevision":true,"revision":"onvendordelete-00025-tab","maxInstanceRequestConcurrency":80,"availableCpu":"1"},"eventTrigger":{"trigger":"projects/studio-7004719050-b856d/locations/us-central1/triggers/onvendordelete-983910","triggerRegion":"us-central1","eventType":"google.cloud.firestore.document.v1.deleted","eventFilters":[{"attribute":"database","value":"(default)"},{"attribute":"namespace","value":"(default)"},{"attribute":"document","value":"vendors/{vendorId}","operator":"match-path-pattern"}],"pubsubTopic":"projects/studio-7004719050-b856d/topics/eventarc-us-central1-onvendordelete-983910-205","serviceAccountEmail":"749480647588-compute@developer.gserviceaccount.com","retryPolicy":"RETRY_POLICY_DO_NOT_RETRY"},"state":"ACTIVE","updateTime":"2026-01-02T14:27:37.714345180Z","labels":{"deployment-tool":"cli-firebase--project-idx","firebase-functions-hash":"4f2e8831f96e89eb5b621a696e8597617a70d948"},"environment":"GEN_2","url":"https://us-central1-studio-7004719050-b856d.cloudfunctions.net/onVendorDelete","createTime":"2026-01-01T02:59:11.810919496Z","satisfiesPzi":true},{"name":"projects/studio-7004719050-b856d/locations/us-central1/functions/manuallyRunZippHighlights","buildConfig":{"build":"projects/749480647588/locations/us-central1/builds/ba6adf4a-ac9d-4461-9a4d-d3f744d00671","runtime":"nodejs20","entryPoint":"manuallyRunZippHighlights","source":{"storageSource":{"bucket":"gcf-v2-sources-749480647588-us-central1","object":"manuallyRunZippHighlights/function-source.zip","generation":"1767330321738168"}},"environmentVariables":{"GOOGLE_NODE_RUN_SCRIPTS":""},"dockerRepository":"projects/studio-7004719050-b856d/locations/us-central1/repositories/gcf-artifacts","sourceProvenance":{"resolvedStorageSource":{"bucket":"gcf-v2-sources-749480647588-us-central1","object":"manuallyRunZippHighlights/function-source.zip","generation":"1767330321738168"}},"dockerRegistry":"ARTIFACT_REGISTRY","serviceAccount":"projects/studio-7004719050-b856d/serviceAccounts/749480647588-compute@developer.gserviceaccount.com","automaticUpdatePolicy":{}},"serviceConfig":{"service":"projects/studio-7004719050-b856d/locations/us-central1/services/manuallyrunzipphighlights","timeoutSeconds":60,"environmentVariables":{"FIREBASE_CONFIG":"{\"projectId\":\"studio-7004719050-b856d\",\"storageBucket\":\"studio-7004719050-b856d.firebasestorage.app\"}","GCLOUD_PROJECT":"studio-7004719050-b856d","EVENTARC_CLOUD_EVENT_SOURCE":"projects/studio-7004719050-b856d/locations/us-central1/services/manuallyRunZippHighlights","FUNCTION_TARGET":"manuallyRunZippHighlights","LOG_EXECUTION_ID":"true","FUNCTION_SIGNATURE_TYPE":"http"},"maxInstanceCount":12,"ingressSettings":"ALLOW_ALL","uri":"https://manuallyrunzipphighlights-h2s6nj5p3q-uc.a.run.app","serviceAccountEmail":"749480647588-compute@developer.gserviceaccount.com","availableMemory":"256Mi","allTrafficOnLatestRevision":true,"revision":"manuallyrunzipphighlights-00010-viy","maxInstanceRequestConcurrency":80,"availableCpu":"1"},"state":"ACTIVE","updateTime":"2026-01-02T14:27:50.493425268Z","labels":{"firebase-functions-hash":"4f2e8831f96e89eb5b621a696e8597617a70d948","deployment-tool":"cli-firebase--project-idx"},"environment":"GEN_2","url":"https://us-central1-studio-7004719050-b856d.cloudfunctions.net/manuallyRunZippHighlights","createTime":"2026-01-01T15:06:40.920950981Z","satisfiesPzi":true},{"name":"projects/studio-7004719050-b856d/locations/us-central1/functions/updateZippHighlights","buildConfig":{"build":"projects/749480647588/locations/us-central1/builds/ba6adf4a-ac9d-4461-9a4d-d3f744d00671","runtime":"nodejs20","entryPoint":"updateZippHighlights","source":{"storageSource":{"bucket":"gcf-v2-sources-749480647588-us-central1","object":"updateZippHighlights/function-source.zip","generation":"1767330321641149"}},"environmentVariables":{"GOOGLE_NODE_RUN_SCRIPTS":""},"dockerRepository":"projects/studio-7004719050-b856d/locations/us-central1/repositories/gcf-artifacts","sourceProvenance":{"resolvedStorageSource":{"bucket":"gcf-v2-sources-749480647588-us-central1","object":"updateZippHighlights/function-source.zip","generation":"1767330321641149"}},"dockerRegistry":"ARTIFACT_REGISTRY","serviceAccount":"projects/studio-7004719050-b856d/serviceAccounts/749480647588-compute@developer.gserviceaccount.com","automaticUpdatePolicy":{}},"serviceConfig":{"service":"projects/studio-7004719050-b856d/locations/us-central1/services/updatezipphighlights","timeoutSeconds":60,"environmentVariables":{"FIREBASE_CONFIG":"{\"projectId\":\"studio-7004719050-b856d\",\"storageBucket\":\"studio-7004719050-b856d.firebasestorage.app\"}","GCLOUD_PROJECT":"studio-7004719050-b856d","EVENTARC_CLOUD_EVENT_SOURCE":"projects/studio-7004719050-b856d/locations/us-central1/services/updateZippHighlights","FUNCTION_TARGET":"updateZippHighlights","LOG_EXECUTION_ID":"true","FUNCTION_SIGNATURE_TYPE":"http"},"maxInstanceCount":12,"ingressSettings":"ALLOW_ALL","uri":"https://updatezipphighlights-h2s6nj5p3q-uc.a.run.app","serviceAccountEmail":"749480647588-compute@developer.gserviceaccount.com","availableMemory":"256Mi","allTrafficOnLatestRevision":true,"revision":"updatezipphighlights-00025-wej","maxInstanceRequestConcurrency":80,"availableCpu":"1"},"state":"ACTIVE","updateTime":"2026-01-02T14:27:32.505568645Z","labels":{"deployment-scheduled":"true","firebase-functions-hash":"4f2e8831f96e89eb5b621a696e8597617a70d948","deployment-tool":"cli-firebase--project-idx"},"environment":"GEN_2","url":"https://us-central1-studio-7004719050-b856d.cloudfunctions.net/updateZippHighlights","createTime":"2026-01-01T02:54:04.438750679Z","satisfiesPzi":true},{"name":"projects/studio-7004719050-b856d/locations/us-central1/functions/getVendorDataset","buildConfig":{"build":"projects/749480647588/locations/us-central1/builds/ba6adf4a-ac9d-4461-9a4d-d3f744d00671","runtime":"nodejs20","entryPoint":"getVendorDataset","source":{"storageSource":{"bucket":"gcf-v2-sources-749480647588-us-central1","object":"getVendorDataset/function-source.zip","generation":"1767330321680967"}},"environmentVariables":{"GOOGLE_NODE_RUN_SCRIPTS":""},"dockerRepository":"projects/studio-7004719050-b856d/locations/us-central1/repositories/gcf-artifacts","sourceProvenance":{"resolvedStorageSource":{"bucket":"gcf-v2-sources-749480647588-us-central1","object":"getVendorDataset/function-source.zip","generation":"1767330321680967"}},"dockerRegistry":"ARTIFACT_REGISTRY","serviceAccount":"projects/studio-7004719050-b856d/serviceAccounts/749480647588-compute@developer.gserviceaccount.com","automaticUpdatePolicy":{}},"serviceConfig":{"service":"projects/studio-7004719050-b856d/locations/us-central1/services/getvendordataset","timeoutSeconds":60,"environmentVariables":{"FIREBASE_CONFIG":"{\"projectId\":\"studio-7004719050-b856d\",\"storageBucket\":\"studio-7004719050-b856d.firebasestorage.app\"}","GCLOUD_PROJECT":"studio-7004719050-b856d","EVENTARC_CLOUD_EVENT_SOURCE":"projects/studio-7004719050-b856d/locations/us-central1/services/getVendorDataset","FUNCTION_TARGET":"getVendorDataset","LOG_EXECUTION_ID":"true","FUNCTION_SIGNATURE_TYPE":"http"},"maxInstanceCount":12,"ingressSettings":"ALLOW_ALL","uri":"https://getvendordataset-h2s6nj5p3q-uc.a.run.app","serviceAccountEmail":"749480647588-compute@developer.gserviceaccount.com","availableMemory":"256Mi","allTrafficOnLatestRevision":true,"revision":"getvendordataset-00025-gos","maxInstanceRequestConcurrency":80,"availableCpu":"1"},"state":"ACTIVE","updateTime":"2026-01-02T14:27:34.123900418Z","labels":{"deployment-callable":"true","firebase-functions-hash":"4f2e8831f96e89eb5b621a696e8597617a70d948","deployment-tool":"cli-firebase--project-idx"},"environment":"GEN_2","url":"https://us-central1-studio-7004719050-b856d.cloudfunctions.net/getVendorDataset","createTime":"2026-01-01T02:54:04.455311793Z","satisfiesPzi":true},{"name":"projects/studio-7004719050-b856d/locations/us-central1/functions/migrateVendorPhotos","buildConfig":{"build":"projects/749480647588/locations/us-central1/builds/80ab3ff7-e384-474f-add5-806bbdc87f2b","runtime":"nodejs20","entryPoint":"migrateVendorPhotos","source":{"storageSource":{"bucket":"gcf-v2-sources-749480647588-us-central1","object":"migrateVendorPhotos/function-source.zip","generation":"1767363951874501"}},"environmentVariables":{"GOOGLE_NODE_RUN_SCRIPTS":""},"dockerRepository":"projects/studio-7004719050-b856d/locations/us-central1/repositories/gcf-artifacts","sourceProvenance":{"resolvedStorageSource":{"bucket":"gcf-v2-sources-749480647588-us-central1","object":"migrateVendorPhotos/function-source.zip","generation":"1767363951874501"}},"dockerRegistry":"ARTIFACT_REGISTRY","serviceAccount":"projects/studio-7004719050-b856d/serviceAccounts/749480647588-compute@developer.gserviceaccount.com","automaticUpdatePolicy":{}},"state":"FAILED","updateTime":"2026-01-02T14:26:39.711266535Z","labels":{"firebase-functions-hash":"2f73929d7c7017063b3d33241b81442010ac9eae","deployment-tool":"cli-firebase--project-idx"},"stateMessages":[{"severity":"ERROR","type":"CloudRunServiceNotFound","message":"Cloud Run service projects/studio-7004719050-b856d/locations/us-central1/services/migratevendorphotos for the function was not found. The function will not work correctly. Please redeploy."}],"environment":"GEN_2","url":"https://us-central1-studio-7004719050-b856d.cloudfunctions.net/migrateVendorPhotos","createTime":"2026-01-02T14:25:52.163558691Z","satisfiesPzi":true},{"name":"projects/studio-7004719050-b856d/locations/us-central1/functions/placePhotoProxy","buildConfig":{"build":"projects/749480647588/locations/us-central1/builds/ba6adf4a-ac9d-4461-9a4d-d3f744d00671","runtime":"nodejs20","entryPoint":"placePhotoProxy","source":{"storageSource":{"bucket":"gcf-v2-sources-749480647588-us-central1","object":"placePhotoProxy/function-source.zip","generation":"1767330321692760"}},"environmentVariables":{"GOOGLE_NODE_RUN_SCRIPTS":""},"dockerRepository":"projects/studio-7004719050-b856d/locations/us-central1/repositories/gcf-artifacts","sourceProvenance":{"resolvedStorageSource":{"bucket":"gcf-v2-sources-749480647588-us-central1","object":"placePhotoProxy/function-source.zip","generation":"1767330321692760"}},"dockerRegistry":"ARTIFACT_REGISTRY","serviceAccount":"projects/studio-7004719050-b856d/serviceAccounts/749480647588-compute@developer.gserviceaccount.com","automaticUpdatePolicy":{}},"serviceConfig":{"service":"projects/studio-7004719050-b856d/locations/us-central1/services/placephotoproxy","timeoutSeconds":60,"environmentVariables":{"FIREBASE_CONFIG":"{\"projectId\":\"studio-7004719050-b856d\",\"storageBucket\":\"studio-7004719050-b856d.firebasestorage.app\"}","GCLOUD_PROJECT":"studio-7004719050-b856d","EVENTARC_CLOUD_EVENT_SOURCE":"projects/studio-7004719050-b856d/locations/us-central1/services/placePhotoProxy","FUNCTION_TARGET":"placePhotoProxy","LOG_EXECUTION_ID":"true","FUNCTION_SIGNATURE_TYPE":"http"},"maxInstanceCount":12,"ingressSettings":"ALLOW_ALL","uri":"https://placephotoproxy-h2s6nj5p3q-uc.a.run.app","serviceAccountEmail":"749480647588-compute@developer.gserviceaccount.com","availableMemory":"256Mi","allTrafficOnLatestRevision":true,"secretEnvironmentVariables":[{"key":"PLACES_KEY","projectId":"studio-7004719050-b856d","secret":"PLACES_KEY","version":"1"}],"revision":"placephotoproxy-00025-boq","maxInstanceRequestConcurrency":80,"availableCpu":"1"},"state":"ACTIVE","updateTime":"2026-01-02T14:27:35.887695024Z","labels":{"firebase-functions-hash":"2f73929d7c7017063b3d33241b81442010ac9eae","deployment-tool":"cli-firebase--project-idx"},"environment":"GEN_2","url":"https://us-central1-studio-7004719050-b856d.cloudfunctions.net/placePhotoProxy","createTime":"2026-01-01T02:54:04.455897381Z","satisfiesPzi":true}]}
[debug] [2026-01-02T14:28:56.903Z] No OAuth tokens found
[debug] [2026-01-02T14:28:56.903Z] No OAuth tokens found
[debug] [2026-01-02T14:28:56.905Z] > command requires scopes: ["email","openid","https://www.googleapis.com/auth/cloudplatformprojects.readonly","https://www.googleapis.com/auth/firebase","https://www.googleapis.com/auth/cloud-platform","https://www.googleapis.com/auth/userinfo.email"]
[debug] [2026-01-02T14:28:56.905Z] > authorizing via signed-in user (zippsuperapp@gmail.com)
[debug] [2026-01-02T14:28:56.906Z] >>> [apiv2][query] GET https://firestore.googleapis.com/v1/projects/studio-7004719050-b856d/databases/(default) [none]
[debug] [2026-01-02T14:28:57.917Z] <<< [apiv2][status] GET https://firestore.googleapis.com/v1/projects/studio-7004719050-b856d/databases/(default) 200
[debug] [2026-01-02T14:28:57.921Z] <<< [apiv2][body] GET https://firestore.googleapis.com/v1/projects/studio-7004719050-b856d/databases/(default) {"name":"projects/studio-7004719050-b856d/databases/(default)","uid":"4b6e2799-b02f-423e-b722-0f9e31d35b4a","createTime":"2025-12-31T11:50:47.519193Z","updateTime":"2025-12-31T11:50:47.519193Z","locationId":"us-central1","type":"FIRESTORE_NATIVE","concurrencyMode":"PESSIMISTIC","versionRetentionPeriod":"3600s","earliestVersionTime":"2026-01-02T13:28:57.828136Z","appEngineIntegrationMode":"DISABLED","pointInTimeRecoveryEnablement":"POINT_IN_TIME_RECOVERY_DISABLED","deleteProtectionState":"DELETE_PROTECTION_DISABLED","databaseEdition":"STANDARD","freeTier":true,"realtimeUpdatesMode":"REALTIME_UPDATES_MODE_ENABLED","etag":"IKD4/ryI7ZEDMISoguvm55ED"}
[info] i  functions: ensuring required API cloudscheduler.googleapis.com is enabled... 
[info] i  functions: ensuring required API run.googleapis.com is enabled... 
[info] i  functions: ensuring required API eventarc.googleapis.com is enabled... 
[info] i  functions: ensuring required API pubsub.googleapis.com is enabled... 
[info] i  functions: ensuring required API storage.googleapis.com is enabled... 
[info] i  functions: generating the service identity for pubsub.googleapis.com... 
[debug] [2026-01-02T14:28:57.967Z] No OAuth tokens found
[debug] [2026-01-02T14:28:57.968Z] No OAuth tokens found
[debug] [2026-01-02T14:28:57.968Z] > command requires scopes: ["email","openid","https://www.googleapis.com/auth/cloudplatformprojects.readonly","https://www.googleapis.com/auth/firebase","https://www.googleapis.com/auth/cloud-platform","https://www.googleapis.com/auth/userinfo.email"]
[debug] [2026-01-02T14:28:57.968Z] > authorizing via signed-in user (zippsuperapp@gmail.com)
[info] i  functions: generating the service identity for eventarc.googleapis.com... 
[debug] [2026-01-02T14:28:57.975Z] No OAuth tokens found
[debug] [2026-01-02T14:28:57.978Z] No OAuth tokens found
[debug] [2026-01-02T14:28:57.978Z] > command requires scopes: ["email","openid","https://www.googleapis.com/auth/cloudplatformprojects.readonly","https://www.googleapis.com/auth/firebase","https://www.googleapis.com/auth/cloud-platform","https://www.googleapis.com/auth/userinfo.email"]
[debug] [2026-01-02T14:28:57.981Z] > authorizing via signed-in user (zippsuperapp@gmail.com)
[debug] [2026-01-02T14:28:57.982Z] >>> [apiv2][query] POST https://serviceusage.googleapis.com/v1beta1/projects/749480647588/services/pubsub.googleapis.com:generateServiceIdentity [none]
[debug] [2026-01-02T14:28:57.984Z] >>> [apiv2][(partial)header] POST https://serviceusage.googleapis.com/v1beta1/projects/749480647588/services/pubsub.googleapis.com:generateServiceIdentity x-goog-quota-user=projects/749480647588
[debug] [2026-01-02T14:28:57.985Z] >>> [apiv2][body] POST https://serviceusage.googleapis.com/v1beta1/projects/749480647588/services/pubsub.googleapis.com:generateServiceIdentity {}
[debug] [2026-01-02T14:28:58.000Z] >>> [apiv2][query] POST https://serviceusage.googleapis.com/v1beta1/projects/749480647588/services/eventarc.googleapis.com:generateServiceIdentity [none]
[debug] [2026-01-02T14:28:58.000Z] >>> [apiv2][(partial)header] POST https://serviceusage.googleapis.com/v1beta1/projects/749480647588/services/eventarc.googleapis.com:generateServiceIdentity x-goog-quota-user=projects/749480647588
[debug] [2026-01-02T14:28:58.000Z] >>> [apiv2][body] POST https://serviceusage.googleapis.com/v1beta1/projects/749480647588/services/eventarc.googleapis.com:generateServiceIdentity {}
[debug] [2026-01-02T14:28:59.184Z] <<< [apiv2][status] POST https://serviceusage.googleapis.com/v1beta1/projects/749480647588/services/pubsub.googleapis.com:generateServiceIdentity 200
[debug] [2026-01-02T14:28:59.186Z] <<< [apiv2][body] POST https://serviceusage.googleapis.com/v1beta1/projects/749480647588/services/pubsub.googleapis.com:generateServiceIdentity {"name":"operations/finished.DONE_OPERATION","done":true,"response":{"@type":"type.googleapis.com/google.api.serviceusage.v1beta1.ServiceIdentity","email":"service-749480647588@gcp-sa-pubsub.iam.gserviceaccount.com","uniqueId":"107787474658739717741"}}
[debug] [2026-01-02T14:28:59.290Z] <<< [apiv2][status] POST https://serviceusage.googleapis.com/v1beta1/projects/749480647588/services/eventarc.googleapis.com:generateServiceIdentity 200
[debug] [2026-01-02T14:28:59.297Z] <<< [apiv2][body] POST https://serviceusage.googleapis.com/v1beta1/projects/749480647588/services/eventarc.googleapis.com:generateServiceIdentity {"name":"operations/finished.DONE_OPERATION","done":true,"response":{"@type":"type.googleapis.com/google.api.serviceusage.v1beta1.ServiceIdentity","email":"service-749480647588@gcp-sa-eventarc.iam.gserviceaccount.com","uniqueId":"111702153334446250002"}}
[info] i  functions: ensuring required API secretmanager.googleapis.com is enabled... 
[debug] [2026-01-02T14:28:59.316Z] No OAuth tokens found
[debug] [2026-01-02T14:28:59.317Z] No OAuth tokens found
[debug] [2026-01-02T14:28:59.317Z] > command requires scopes: ["email","openid","https://www.googleapis.com/auth/cloudplatformprojects.readonly","https://www.googleapis.com/auth/firebase","https://www.googleapis.com/auth/cloud-platform","https://www.googleapis.com/auth/userinfo.email"]
[debug] [2026-01-02T14:28:59.320Z] > authorizing via signed-in user (zippsuperapp@gmail.com)
[debug] [2026-01-02T14:28:59.320Z] >>> [apiv2][query] GET https://secretmanager.googleapis.com/v1/projects/studio-7004719050-b856d/secrets/PLACES_KEY/versions/latest [none]
[debug] [2026-01-02T14:28:59.600Z] <<< [apiv2][status] GET https://secretmanager.googleapis.com/v1/projects/studio-7004719050-b856d/secrets/PLACES_KEY/versions/latest 200
[debug] [2026-01-02T14:28:59.601Z] <<< [apiv2][body] GET https://secretmanager.googleapis.com/v1/projects/studio-7004719050-b856d/secrets/PLACES_KEY/versions/latest {"name":"projects/749480647588/secrets/PLACES_KEY/versions/1","createTime":"2026-01-01T02:35:48.928853Z","state":"ENABLED","replicationStatus":{"automatic":{}},"etag":"\"16474a735d9555\"","clientSpecifiedPayloadChecksum":true}
[debug] [2026-01-02T14:28:59.609Z] Resolved secret version of PLACES_KEY to 1.
[debug] [2026-01-02T14:28:59.614Z] No OAuth tokens found
[debug] [2026-01-02T14:28:59.615Z] No OAuth tokens found
[debug] [2026-01-02T14:28:59.615Z] > command requires scopes: ["email","openid","https://www.googleapis.com/auth/cloudplatformprojects.readonly","https://www.googleapis.com/auth/firebase","https://www.googleapis.com/auth/cloud-platform","https://www.googleapis.com/auth/userinfo.email"]
[debug] [2026-01-02T14:28:59.615Z] > authorizing via signed-in user (zippsuperapp@gmail.com)
[debug] [2026-01-02T14:28:59.616Z] >>> [apiv2][query] GET https://cloudresourcemanager.googleapis.com/v1/projects/studio-7004719050-b856d [none]
[debug] [2026-01-02T14:29:00.458Z] <<< [apiv2][status] GET https://cloudresourcemanager.googleapis.com/v1/projects/studio-7004719050-b856d 200
[debug] [2026-01-02T14:29:00.465Z] <<< [apiv2][body] GET https://cloudresourcemanager.googleapis.com/v1/projects/studio-7004719050-b856d {"projectNumber":"749480647588","projectId":"studio-7004719050-b856d","lifecycleState":"ACTIVE","name":"Firebase app","labels":{"firebase":"enabled","firebase-core":"disabled"},"createTime":"2025-12-31T11:35:25.558536Z"}
[debug] [2026-01-02T14:29:00.466Z] No OAuth tokens found
[debug] [2026-01-02T14:29:00.480Z] No OAuth tokens found
[debug] [2026-01-02T14:29:00.483Z] > command requires scopes: ["email","openid","https://www.googleapis.com/auth/cloudplatformprojects.readonly","https://www.googleapis.com/auth/firebase","https://www.googleapis.com/auth/cloud-platform","https://www.googleapis.com/auth/userinfo.email"]
[debug] [2026-01-02T14:29:00.483Z] > authorizing via signed-in user (zippsuperapp@gmail.com)
[debug] [2026-01-02T14:29:00.483Z] >>> [apiv2][query] GET https://compute.googleapis.com/compute/v1/projects/749480647588 [none]
[debug] [2026-01-02T14:29:00.743Z] <<< [apiv2][status] GET https://compute.googleapis.com/compute/v1/projects/749480647588 403
[debug] [2026-01-02T14:29:00.744Z] <<< [apiv2][body] GET https://compute.googleapis.com/compute/v1/projects/749480647588 {"error":{"code":403,"message":"Compute Engine API has not been used in project 749480647588 before or it is disabled. Enable it by visiting https://console.developers.google.com/apis/api/compute.googleapis.com/overview?project=749480647588 then retry. If you enabled this API recently, wait a few minutes for the action to propagate to our systems and retry.","errors":[{"message":"Compute Engine API has not been used in project 749480647588 before or it is disabled. Enable it by visiting https://console.developers.google.com/apis/api/compute.googleapis.com/overview?project=749480647588 then retry. If you enabled this API recently, wait a few minutes for the action to propagate to our systems and retry.","domain":"usageLimits","reason":"accessNotConfigured","extendedHelp":"https://console.developers.google.com"}],"status":"PERMISSION_DENIED","details":[{"@type":"type.googleapis.com/google.rpc.ErrorInfo","reason":"SERVICE_DISABLED","domain":"googleapis.com","metadata":{"activationUrl":"https://console.developers.google.com/apis/api/compute.googleapis.com/overview?project=749480647588","service":"compute.googleapis.com","serviceTitle":"Compute Engine API","consumer":"projects/749480647588","containerInfo":"749480647588"}},{"@type":"type.googleapis.com/google.rpc.LocalizedMessage","locale":"en-US","message":"Compute Engine API has not been used in project 749480647588 before or it is disabled. Enable it by visiting https://console.developers.google.com/apis/api/compute.googleapis.com/overview?project=749480647588 then retry. If you enabled this API recently, wait a few minutes for the action to propagate to our systems and retry."},{"@type":"type.googleapis.com/google.rpc.Help","links":[{"description":"Google developers console API activation","url":"https://console.developers.google.com/apis/api/compute.googleapis.com/overview?project=749480647588"}]}]}}
[debug] [2026-01-02T14:29:00.750Z] unable to look up default compute service account. Falling back to 749480647588-compute@developer.gserviceaccount.com. Error: {"name":"FirebaseError","children":[],"context":{"body":{"error":{"code":403,"message":"Compute Engine API has not been used in project 749480647588 before or it is disabled. Enable it by visiting https://console.developers.google.com/apis/api/compute.googleapis.com/overview?project=749480647588 then retry. If you enabled this API recently, wait a few minutes for the action to propagate to our systems and retry.","errors":[{"message":"Compute Engine API has not been used in project 749480647588 before or it is disabled. Enable it by visiting https://console.developers.google.com/apis/api/compute.googleapis.com/overview?project=749480647588 then retry. If you enabled this API recently, wait a few minutes for the action to propagate to our systems and retry.","domain":"usageLimits","reason":"accessNotConfigured","extendedHelp":"https://console.developers.google.com"}],"status":"PERMISSION_DENIED","details":[{"@type":"type.googleapis.com/google.rpc.ErrorInfo","reason":"SERVICE_DISABLED","domain":"googleapis.com","metadata":{"activationUrl":"https://console.developers.google.com/apis/api/compute.googleapis.com/overview?project=749480647588","service":"compute.googleapis.com","serviceTitle":"Compute Engine API","consumer":"projects/749480647588","containerInfo":"749480647588"}},{"@type":"type.googleapis.com/google.rpc.LocalizedMessage","locale":"en-US","message":"Compute Engine API has not been used in project 749480647588 before or it is disabled. Enable it by visiting https://console.developers.google.com/apis/api/compute.googleapis.com/overview?project=749480647588 then retry. If you enabled this API recently, wait a few minutes for the action to propagate to our systems and retry."},{"@type":"type.googleapis.com/google.rpc.Help","links":[{"description":"Google developers console API activation","url":"https://console.developers.google.com/apis/api/compute.googleapis.com/overview?project=749480647588"}]}]}},"response":{"statusCode":403}},"exit":1,"message":"Request to https://compute.googleapis.com/compute/v1/projects/749480647588 had HTTP Error: 403, Compute Engine API has not been used in project 749480647588 before or it is disabled. Enable it by visiting https://console.developers.google.com/apis/api/compute.googleapis.com/overview?project=749480647588 then retry. If you enabled this API recently, wait a few minutes for the action to propagate to our systems and retry.","status":403}
[debug] [2026-01-02T14:29:00.760Z] No OAuth tokens found
[debug] [2026-01-02T14:29:00.760Z] No OAuth tokens found
[debug] [2026-01-02T14:29:00.761Z] > command requires scopes: ["email","openid","https://www.googleapis.com/auth/cloudplatformprojects.readonly","https://www.googleapis.com/auth/firebase","https://www.googleapis.com/auth/cloud-platform","https://www.googleapis.com/auth/userinfo.email"]
[debug] [2026-01-02T14:29:00.761Z] > authorizing via signed-in user (zippsuperapp@gmail.com)
[debug] [2026-01-02T14:29:00.768Z] >>> [apiv2][query] GET https://compute.googleapis.com/compute/v1/projects/749480647588 [none]
[debug] [2026-01-02T14:29:01.017Z] <<< [apiv2][status] GET https://compute.googleapis.com/compute/v1/projects/749480647588 403
[debug] [2026-01-02T14:29:01.019Z] <<< [apiv2][body] GET https://compute.googleapis.com/compute/v1/projects/749480647588 {"error":{"code":403,"message":"Compute Engine API has not been used in project 749480647588 before or it is disabled. Enable it by visiting https://console.developers.google.com/apis/api/compute.googleapis.com/overview?project=749480647588 then retry. If you enabled this API recently, wait a few minutes for the action to propagate to our systems and retry.","errors":[{"message":"Compute Engine API has not been used in project 749480647588 before or it is disabled. Enable it by visiting https://console.developers.google.com/apis/api/compute.googleapis.com/overview?project=749480647588 then retry. If you enabled this API recently, wait a few minutes for the action to propagate to our systems and retry.","domain":"usageLimits","reason":"accessNotConfigured","extendedHelp":"https://console.developers.google.com"}],"status":"PERMISSION_DENIED","details":[{"@type":"type.googleapis.com/google.rpc.ErrorInfo","reason":"SERVICE_DISABLED","domain":"googleapis.com","metadata":{"activationUrl":"https://console.developers.google.com/apis/api/compute.googleapis.com/overview?project=749480647588","containerInfo":"749480647588","consumer":"projects/749480647588","serviceTitle":"Compute Engine API","service":"compute.googleapis.com"}},{"@type":"type.googleapis.com/google.rpc.LocalizedMessage","locale":"en-US","message":"Compute Engine API has not been used in project 749480647588 before or it is disabled. Enable it by visiting https://console.developers.google.com/apis/api/compute.googleapis.com/overview?project=749480647588 then retry. If you enabled this API recently, wait a few minutes for the action to propagate to our systems and retry."},{"@type":"type.googleapis.com/google.rpc.Help","links":[{"description":"Google developers console API activation","url":"https://console.developers.google.com/apis/api/compute.googleapis.com/overview?project=749480647588"}]}]}}
[debug] [2026-01-02T14:29:01.028Z] unable to look up default compute service account. Falling back to 749480647588-compute@developer.gserviceaccount.com. Error: {"name":"FirebaseError","children":[],"context":{"body":{"error":{"code":403,"message":"Compute Engine API has not been used in project 749480647588 before or it is disabled. Enable it by visiting https://console.developers.google.com/apis/api/compute.googleapis.com/overview?project=749480647588 then retry. If you enabled this API recently, wait a few minutes for the action to propagate to our systems and retry.","errors":[{"message":"Compute Engine API has not been used in project 749480647588 before or it is disabled. Enable it by visiting https://console.developers.google.com/apis/api/compute.googleapis.com/overview?project=749480647588 then retry. If you enabled this API recently, wait a few minutes for the action to propagate to our systems and retry.","domain":"usageLimits","reason":"accessNotConfigured","extendedHelp":"https://console.developers.google.com"}],"status":"PERMISSION_DENIED","details":[{"@type":"type.googleapis.com/google.rpc.ErrorInfo","reason":"SERVICE_DISABLED","domain":"googleapis.com","metadata":{"activationUrl":"https://console.developers.google.com/apis/api/compute.googleapis.com/overview?project=749480647588","containerInfo":"749480647588","consumer":"projects/749480647588","serviceTitle":"Compute Engine API","service":"compute.googleapis.com"}},{"@type":"type.googleapis.com/google.rpc.LocalizedMessage","locale":"en-US","message":"Compute Engine API has not been used in project 749480647588 before or it is disabled. Enable it by visiting https://console.developers.google.com/apis/api/compute.googleapis.com/overview?project=749480647588 then retry. If you enabled this API recently, wait a few minutes for the action to propagate to our systems and retry."},{"@type":"type.googleapis.com/google.rpc.Help","links":[{"description":"Google developers console API activation","url":"https://console.developers.google.com/apis/api/compute.googleapis.com/overview?project=749480647588"}]}]}},"response":{"statusCode":403}},"exit":1,"message":"Request to https://compute.googleapis.com/compute/v1/projects/749480647588 had HTTP Error: 403, Compute Engine API has not been used in project 749480647588 before or it is disabled. Enable it by visiting https://console.developers.google.com/apis/api/compute.googleapis.com/overview?project=749480647588 then retry. If you enabled this API recently, wait a few minutes for the action to propagate to our systems and retry.","status":403}
[debug] [2026-01-02T14:29:01.029Z] No OAuth tokens found
[debug] [2026-01-02T14:29:01.029Z] No OAuth tokens found
[debug] [2026-01-02T14:29:01.030Z] > command requires scopes: ["email","openid","https://www.googleapis.com/auth/cloudplatformprojects.readonly","https://www.googleapis.com/auth/firebase","https://www.googleapis.com/auth/cloud-platform","https://www.googleapis.com/auth/userinfo.email"]
[debug] [2026-01-02T14:29:01.030Z] > authorizing via signed-in user (zippsuperapp@gmail.com)
[debug] [2026-01-02T14:29:01.030Z] >>> [apiv2][query] GET https://compute.googleapis.com/compute/v1/projects/749480647588 [none]
[debug] [2026-01-02T14:29:01.263Z] <<< [apiv2][status] GET https://compute.googleapis.com/compute/v1/projects/749480647588 403
[debug] [2026-01-02T14:29:01.264Z] <<< [apiv2][body] GET https://compute.googleapis.com/compute/v1/projects/749480647588 {"error":{"code":403,"message":"Compute Engine API has not been used in project 749480647588 before or it is disabled. Enable it by visiting https://console.developers.google.com/apis/api/compute.googleapis.com/overview?project=749480647588 then retry. If you enabled this API recently, wait a few minutes for the action to propagate to our systems and retry.","errors":[{"message":"Compute Engine API has not been used in project 749480647588 before or it is disabled. Enable it by visiting https://console.developers.google.com/apis/api/compute.googleapis.com/overview?project=749480647588 then retry. If you enabled this API recently, wait a few minutes for the action to propagate to our systems and retry.","domain":"usageLimits","reason":"accessNotConfigured","extendedHelp":"https://console.developers.google.com"}],"status":"PERMISSION_DENIED","details":[{"@type":"type.googleapis.com/google.rpc.ErrorInfo","reason":"SERVICE_DISABLED","domain":"googleapis.com","metadata":{"activationUrl":"https://console.developers.google.com/apis/api/compute.googleapis.com/overview?project=749480647588","service":"compute.googleapis.com","serviceTitle":"Compute Engine API","consumer":"projects/749480647588","containerInfo":"749480647588"}},{"@type":"type.googleapis.com/google.rpc.LocalizedMessage","locale":"en-US","message":"Compute Engine API has not been used in project 749480647588 before or it is disabled. Enable it by visiting https://console.developers.google.com/apis/api/compute.googleapis.com/overview?project=749480647588 then retry. If you enabled this API recently, wait a few minutes for the action to propagate to our systems and retry."},{"@type":"type.googleapis.com/google.rpc.Help","links":[{"description":"Google developers console API activation","url":"https://console.developers.google.com/apis/api/compute.googleapis.com/overview?project=749480647588"}]}]}}
[debug] [2026-01-02T14:29:01.264Z] unable to look up default compute service account. Falling back to 749480647588-compute@developer.gserviceaccount.com. Error: {"name":"FirebaseError","children":[],"context":{"body":{"error":{"code":403,"message":"Compute Engine API has not been used in project 749480647588 before or it is disabled. Enable it by visiting https://console.developers.google.com/apis/api/compute.googleapis.com/overview?project=749480647588 then retry. If you enabled this API recently, wait a few minutes for the action to propagate to our systems and retry.","errors":[{"message":"Compute Engine API has not been used in project 749480647588 before or it is disabled. Enable it by visiting https://console.developers.google.com/apis/api/compute.googleapis.com/overview?project=749480647588 then retry. If you enabled this API recently, wait a few minutes for the action to propagate to our systems and retry.","domain":"usageLimits","reason":"accessNotConfigured","extendedHelp":"https://console.developers.google.com"}],"status":"PERMISSION_DENIED","details":[{"@type":"type.googleapis.com/google.rpc.ErrorInfo","reason":"SERVICE_DISABLED","domain":"googleapis.com","metadata":{"activationUrl":"https://console.developers.google.com/apis/api/compute.googleapis.com/overview?project=749480647588","service":"compute.googleapis.com","serviceTitle":"Compute Engine API","consumer":"projects/749480647588","containerInfo":"749480647588"}},{"@type":"type.googleapis.com/google.rpc.LocalizedMessage","locale":"en-US","message":"Compute Engine API has not been used in project 749480647588 before or it is disabled. Enable it by visiting https://console.developers.google.com/apis/api/compute.googleapis.com/overview?project=749480647588 then retry. If you enabled this API recently, wait a few minutes for the action to propagate to our systems and retry."},{"@type":"type.googleapis.com/google.rpc.Help","links":[{"description":"Google developers console API activation","url":"https://console.developers.google.com/apis/api/compute.googleapis.com/overview?project=749480647588"}]}]}},"response":{"statusCode":403}},"exit":1,"message":"Request to https://compute.googleapis.com/compute/v1/projects/749480647588 had HTTP Error: 403, Compute Engine API has not been used in project 749480647588 before or it is disabled. Enable it by visiting https://console.developers.google.com/apis/api/compute.googleapis.com/overview?project=749480647588 then retry. If you enabled this API recently, wait a few minutes for the action to propagate to our systems and retry.","status":403}
[debug] [2026-01-02T14:29:01.281Z] No OAuth tokens found
[debug] [2026-01-02T14:29:01.281Z] No OAuth tokens found
[debug] [2026-01-02T14:29:01.282Z] > command requires scopes: ["email","openid","https://www.googleapis.com/auth/cloudplatformprojects.readonly","https://www.googleapis.com/auth/firebase","https://www.googleapis.com/auth/cloud-platform","https://www.googleapis.com/auth/userinfo.email"]
[debug] [2026-01-02T14:29:01.282Z] > authorizing via signed-in user (zippsuperapp@gmail.com)
[debug] [2026-01-02T14:29:01.282Z] >>> [apiv2][query] GET https://compute.googleapis.com/compute/v1/projects/749480647588 [none]
[debug] [2026-01-02T14:29:01.553Z] <<< [apiv2][status] GET https://compute.googleapis.com/compute/v1/projects/749480647588 403
[debug] [2026-01-02T14:29:01.553Z] <<< [apiv2][body] GET https://compute.googleapis.com/compute/v1/projects/749480647588 {"error":{"code":403,"message":"Compute Engine API has not been used in project 749480647588 before or it is disabled. Enable it by visiting https://console.developers.google.com/apis/api/compute.googleapis.com/overview?project=749480647588 then retry. If you enabled this API recently, wait a few minutes for the action to propagate to our systems and retry.","errors":[{"message":"Compute Engine API has not been used in project 749480647588 before or it is disabled. Enable it by visiting https://console.developers.google.com/apis/api/compute.googleapis.com/overview?project=749480647588 then retry. If you enabled this API recently, wait a few minutes for the action to propagate to our systems and retry.","domain":"usageLimits","reason":"accessNotConfigured","extendedHelp":"https://console.developers.google.com"}],"status":"PERMISSION_DENIED","details":[{"@type":"type.googleapis.com/google.rpc.ErrorInfo","reason":"SERVICE_DISABLED","domain":"googleapis.com","metadata":{"containerInfo":"749480647588","activationUrl":"https://console.developers.google.com/apis/api/compute.googleapis.com/overview?project=749480647588","service":"compute.googleapis.com","consumer":"projects/749480647588","serviceTitle":"Compute Engine API"}},{"@type":"type.googleapis.com/google.rpc.LocalizedMessage","locale":"en-US","message":"Compute Engine API has not been used in project 749480647588 before or it is disabled. Enable it by visiting https://console.developers.google.com/apis/api/compute.googleapis.com/overview?project=749480647588 then retry. If you enabled this API recently, wait a few minutes for the action to propagate to our systems and retry."},{"@type":"type.googleapis.com/google.rpc.Help","links":[{"description":"Google developers console API activation","url":"https://console.developers.google.com/apis/api/compute.googleapis.com/overview?project=749480647588"}]}]}}
[debug] [2026-01-02T14:29:01.556Z] unable to look up default compute service account. Falling back to 749480647588-compute@developer.gserviceaccount.com. Error: {"name":"FirebaseError","children":[],"context":{"body":{"error":{"code":403,"message":"Compute Engine API has not been used in project 749480647588 before or it is disabled. Enable it by visiting https://console.developers.google.com/apis/api/compute.googleapis.com/overview?project=749480647588 then retry. If you enabled this API recently, wait a few minutes for the action to propagate to our systems and retry.","errors":[{"message":"Compute Engine API has not been used in project 749480647588 before or it is disabled. Enable it by visiting https://console.developers.google.com/apis/api/compute.googleapis.com/overview?project=749480647588 then retry. If you enabled this API recently, wait a few minutes for the action to propagate to our systems and retry.","domain":"usageLimits","reason":"accessNotConfigured","extendedHelp":"https://console.developers.google.com"}],"status":"PERMISSION_DENIED","details":[{"@type":"type.googleapis.com/google.rpc.ErrorInfo","reason":"SERVICE_DISABLED","domain":"googleapis.com","metadata":{"containerInfo":"749480647588","activationUrl":"https://console.developers.google.com/apis/api/compute.googleapis.com/overview?project=749480647588","service":"compute.googleapis.com","consumer":"projects/749480647588","serviceTitle":"Compute Engine API"}},{"@type":"type.googleapis.com/google.rpc.LocalizedMessage","locale":"en-US","message":"Compute Engine API has not been used in project 749480647588 before or it is disabled. Enable it by visiting https://console.developers.google.com/apis/api/compute.googleapis.com/overview?project=749480647588 then retry. If you enabled this API recently, wait a few minutes for the action to propagate to our systems and retry."},{"@type":"type.googleapis.com/google.rpc.Help","links":[{"description":"Google developers console API activation","url":"https://console.developers.google.com/apis/api/compute.googleapis.com/overview?project=749480647588"}]}]}},"response":{"statusCode":403}},"exit":1,"message":"Request to https://compute.googleapis.com/compute/v1/projects/749480647588 had HTTP Error: 403, Compute Engine API has not been used in project 749480647588 before or it is disabled. Enable it by visiting https://console.developers.google.com/apis/api/compute.googleapis.com/overview?project=749480647588 then retry. If you enabled this API recently, wait a few minutes for the action to propagate to our systems and retry.","status":403}
[debug] [2026-01-02T14:29:01.561Z] No OAuth tokens found
[debug] [2026-01-02T14:29:01.562Z] No OAuth tokens found
[debug] [2026-01-02T14:29:01.562Z] > command requires scopes: ["email","openid","https://www.googleapis.com/auth/cloudplatformprojects.readonly","https://www.googleapis.com/auth/firebase","https://www.googleapis.com/auth/cloud-platform","https://www.googleapis.com/auth/userinfo.email"]
[debug] [2026-01-02T14:29:01.565Z] > authorizing via signed-in user (zippsuperapp@gmail.com)
[debug] [2026-01-02T14:29:01.566Z] >>> [apiv2][query] GET https://compute.googleapis.com/compute/v1/projects/749480647588 [none]
[debug] [2026-01-02T14:29:01.782Z] <<< [apiv2][status] GET https://compute.googleapis.com/compute/v1/projects/749480647588 403
[debug] [2026-01-02T14:29:01.784Z] <<< [apiv2][body] GET https://compute.googleapis.com/compute/v1/projects/749480647588 {"error":{"code":403,"message":"Compute Engine API has not been used in project 749480647588 before or it is disabled. Enable it by visiting https://console.developers.google.com/apis/api/compute.googleapis.com/overview?project=749480647588 then retry. If you enabled this API recently, wait a few minutes for the action to propagate to our systems and retry.","errors":[{"message":"Compute Engine API has not been used in project 749480647588 before or it is disabled. Enable it by visiting https://console.developers.google.com/apis/api/compute.googleapis.com/overview?project=749480647588 then retry. If you enabled this API recently, wait a few minutes for the action to propagate to our systems and retry.","domain":"usageLimits","reason":"accessNotConfigured","extendedHelp":"https://console.developers.google.com"}],"status":"PERMISSION_DENIED","details":[{"@type":"type.googleapis.com/google.rpc.ErrorInfo","reason":"SERVICE_DISABLED","domain":"googleapis.com","metadata":{"service":"compute.googleapis.com","containerInfo":"749480647588","activationUrl":"https://console.developers.google.com/apis/api/compute.googleapis.com/overview?project=749480647588","serviceTitle":"Compute Engine API","consumer":"projects/749480647588"}},{"@type":"type.googleapis.com/google.rpc.LocalizedMessage","locale":"en-US","message":"Compute Engine API has not been used in project 749480647588 before or it is disabled. Enable it by visiting https://console.developers.google.com/apis/api/compute.googleapis.com/overview?project=749480647588 then retry. If you enabled this API recently, wait a few minutes for the action to propagate to our systems and retry."},{"@type":"type.googleapis.com/google.rpc.Help","links":[{"description":"Google developers console API activation","url":"https://console.developers.google.com/apis/api/compute.googleapis.com/overview?project=749480647588"}]}]}}
[debug] [2026-01-02T14:29:01.785Z] unable to look up default compute service account. Falling back to 749480647588-compute@developer.gserviceaccount.com. Error: {"name":"FirebaseError","children":[],"context":{"body":{"error":{"code":403,"message":"Compute Engine API has not been used in project 749480647588 before or it is disabled. Enable it by visiting https://console.developers.google.com/apis/api/compute.googleapis.com/overview?project=749480647588 then retry. If you enabled this API recently, wait a few minutes for the action to propagate to our systems and retry.","errors":[{"message":"Compute Engine API has not been used in project 749480647588 before or it is disabled. Enable it by visiting https://console.developers.google.com/apis/api/compute.googleapis.com/overview?project=749480647588 then retry. If you enabled this API recently, wait a few minutes for the action to propagate to our systems and retry.","domain":"usageLimits","reason":"accessNotConfigured","extendedHelp":"https://console.developers.google.com"}],"status":"PERMISSION_DENIED","details":[{"@type":"type.googleapis.com/google.rpc.ErrorInfo","reason":"SERVICE_DISABLED","domain":"googleapis.com","metadata":{"service":"compute.googleapis.com","containerInfo":"749480647588","activationUrl":"https://console.developers.google.com/apis/api/compute.googleapis.com/overview?project=749480647588","serviceTitle":"Compute Engine API","consumer":"projects/749480647588"}},{"@type":"type.googleapis.com/google.rpc.LocalizedMessage","locale":"en-US","message":"Compute Engine API has not been used in project 749480647588 before or it is disabled. Enable it by visiting https://console.developers.google.com/apis/api/compute.googleapis.com/overview?project=749480647588 then retry. If you enabled this API recently, wait a few minutes for the action to propagate to our systems and retry."},{"@type":"type.googleapis.com/google.rpc.Help","links":[{"description":"Google developers console API activation","url":"https://console.developers.google.com/apis/api/compute.googleapis.com/overview?project=749480647588"}]}]}},"response":{"statusCode":403}},"exit":1,"message":"Request to https://compute.googleapis.com/compute/v1/projects/749480647588 had HTTP Error: 403, Compute Engine API has not been used in project 749480647588 before or it is disabled. Enable it by visiting https://console.developers.google.com/apis/api/compute.googleapis.com/overview?project=749480647588 then retry. If you enabled this API recently, wait a few minutes for the action to propagate to our systems and retry.","status":403}
[debug] [2026-01-02T14:29:01.787Z] No OAuth tokens found
[debug] [2026-01-02T14:29:01.787Z] No OAuth tokens found
[debug] [2026-01-02T14:29:01.788Z] > command requires scopes: ["email","openid","https://www.googleapis.com/auth/cloudplatformprojects.readonly","https://www.googleapis.com/auth/firebase","https://www.googleapis.com/auth/cloud-platform","https://www.googleapis.com/auth/userinfo.email"]
[debug] [2026-01-02T14:29:01.788Z] > authorizing via signed-in user (zippsuperapp@gmail.com)
[debug] [2026-01-02T14:29:01.790Z] >>> [apiv2][query] GET https://compute.googleapis.com/compute/v1/projects/749480647588 [none]
[debug] [2026-01-02T14:29:02.020Z] <<< [apiv2][status] GET https://compute.googleapis.com/compute/v1/projects/749480647588 403
[debug] [2026-01-02T14:29:02.028Z] <<< [apiv2][body] GET https://compute.googleapis.com/compute/v1/projects/749480647588 {"error":{"code":403,"message":"Compute Engine API has not been used in project 749480647588 before or it is disabled. Enable it by visiting https://console.developers.google.com/apis/api/compute.googleapis.com/overview?project=749480647588 then retry. If you enabled this API recently, wait a few minutes for the action to propagate to our systems and retry.","errors":[{"message":"Compute Engine API has not been used in project 749480647588 before or it is disabled. Enable it by visiting https://console.developers.google.com/apis/api/compute.googleapis.com/overview?project=749480647588 then retry. If you enabled this API recently, wait a few minutes for the action to propagate to our systems and retry.","domain":"usageLimits","reason":"accessNotConfigured","extendedHelp":"https://console.developers.google.com"}],"status":"PERMISSION_DENIED","details":[{"@type":"type.googleapis.com/google.rpc.ErrorInfo","reason":"SERVICE_DISABLED","domain":"googleapis.com","metadata":{"serviceTitle":"Compute Engine API","consumer":"projects/749480647588","containerInfo":"749480647588","activationUrl":"https://console.developers.google.com/apis/api/compute.googleapis.com/overview?project=749480647588","service":"compute.googleapis.com"}},{"@type":"type.googleapis.com/google.rpc.LocalizedMessage","locale":"en-US","message":"Compute Engine API has not been used in project 749480647588 before or it is disabled. Enable it by visiting https://console.developers.google.com/apis/api/compute.googleapis.com/overview?project=749480647588 then retry. If you enabled this API recently, wait a few minutes for the action to propagate to our systems and retry."},{"@type":"type.googleapis.com/google.rpc.Help","links":[{"description":"Google developers console API activation","url":"https://console.developers.google.com/apis/api/compute.googleapis.com/overview?project=749480647588"}]}]}}
[debug] [2026-01-02T14:29:02.038Z] unable to look up default compute service account. Falling back to 749480647588-compute@developer.gserviceaccount.com. Error: {"name":"FirebaseError","children":[],"context":{"body":{"error":{"code":403,"message":"Compute Engine API has not been used in project 749480647588 before or it is disabled. Enable it by visiting https://console.developers.google.com/apis/api/compute.googleapis.com/overview?project=749480647588 then retry. If you enabled this API recently, wait a few minutes for the action to propagate to our systems and retry.","errors":[{"message":"Compute Engine API has not been used in project 749480647588 before or it is disabled. Enable it by visiting https://console.developers.google.com/apis/api/compute.googleapis.com/overview?project=749480647588 then retry. If you enabled this API recently, wait a few minutes for the action to propagate to our systems and retry.","domain":"usageLimits","reason":"accessNotConfigured","extendedHelp":"https://console.developers.google.com"}],"status":"PERMISSION_DENIED","details":[{"@type":"type.googleapis.com/google.rpc.ErrorInfo","reason":"SERVICE_DISABLED","domain":"googleapis.com","metadata":{"serviceTitle":"Compute Engine API","consumer":"projects/749480647588","containerInfo":"749480647588","activationUrl":"https://console.developers.google.com/apis/api/compute.googleapis.com/overview?project=749480647588","service":"compute.googleapis.com"}},{"@type":"type.googleapis.com/google.rpc.LocalizedMessage","locale":"en-US","message":"Compute Engine API has not been used in project 749480647588 before or it is disabled. Enable it by visiting https://console.developers.google.com/apis/api/compute.googleapis.com/overview?project=749480647588 then retry. If you enabled this API recently, wait a few minutes for the action to propagate to our systems and retry."},{"@type":"type.googleapis.com/google.rpc.Help","links":[{"description":"Google developers console API activation","url":"https://console.developers.google.com/apis/api/compute.googleapis.com/overview?project=749480647588"}]}]}},"response":{"statusCode":403}},"exit":1,"message":"Request to https://compute.googleapis.com/compute/v1/projects/749480647588 had HTTP Error: 403, Compute Engine API has not been used in project 749480647588 before or it is disabled. Enable it by visiting https://console.developers.google.com/apis/api/compute.googleapis.com/overview?project=749480647588 then retry. If you enabled this API recently, wait a few minutes for the action to propagate to our systems and retry.","status":403}
[debug] [2026-01-02T14:29:02.047Z] No OAuth tokens found
[debug] [2026-01-02T14:29:02.049Z] No OAuth tokens found
[debug] [2026-01-02T14:29:02.049Z] > command requires scopes: ["email","openid","https://www.googleapis.com/auth/cloudplatformprojects.readonly","https://www.googleapis.com/auth/firebase","https://www.googleapis.com/auth/cloud-platform","https://www.googleapis.com/auth/userinfo.email"]
[debug] [2026-01-02T14:29:02.052Z] > authorizing via signed-in user (zippsuperapp@gmail.com)
[debug] [2026-01-02T14:29:02.053Z] >>> [apiv2][query] GET https://compute.googleapis.com/compute/v1/projects/749480647588 [none]
[debug] [2026-01-02T14:29:02.288Z] <<< [apiv2][status] GET https://compute.googleapis.com/compute/v1/projects/749480647588 403
[debug] [2026-01-02T14:29:02.294Z] <<< [apiv2][body] GET https://compute.googleapis.com/compute/v1/projects/749480647588 {"error":{"code":403,"message":"Compute Engine API has not been used in project 749480647588 before or it is disabled. Enable it by visiting https://console.developers.google.com/apis/api/compute.googleapis.com/overview?project=749480647588 then retry. If you enabled this API recently, wait a few minutes for the action to propagate to our systems and retry.","errors":[{"message":"Compute Engine API has not been used in project 749480647588 before or it is disabled. Enable it by visiting https://console.developers.google.com/apis/api/compute.googleapis.com/overview?project=749480647588 then retry. If you enabled this API recently, wait a few minutes for the action to propagate to our systems and retry.","domain":"usageLimits","reason":"accessNotConfigured","extendedHelp":"https://console.developers.google.com"}],"status":"PERMISSION_DENIED","details":[{"@type":"type.googleapis.com/google.rpc.ErrorInfo","reason":"SERVICE_DISABLED","domain":"googleapis.com","metadata":{"serviceTitle":"Compute Engine API","containerInfo":"749480647588","activationUrl":"https://console.developers.google.com/apis/api/compute.googleapis.com/overview?project=749480647588","service":"compute.googleapis.com","consumer":"projects/749480647588"}},{"@type":"type.googleapis.com/google.rpc.LocalizedMessage","locale":"en-US","message":"Compute Engine API has not been used in project 749480647588 before or it is disabled. Enable it by visiting https://console.developers.google.com/apis/api/compute.googleapis.com/overview?project=749480647588 then retry. If you enabled this API recently, wait a few minutes for the action to propagate to our systems and retry."},{"@type":"type.googleapis.com/google.rpc.Help","links":[{"description":"Google developers console API activation","url":"https://console.developers.google.com/apis/api/compute.googleapis.com/overview?project=749480647588"}]}]}}
[debug] [2026-01-02T14:29:02.301Z] unable to look up default compute service account. Falling back to 749480647588-compute@developer.gserviceaccount.com. Error: {"name":"FirebaseError","children":[],"context":{"body":{"error":{"code":403,"message":"Compute Engine API has not been used in project 749480647588 before or it is disabled. Enable it by visiting https://console.developers.google.com/apis/api/compute.googleapis.com/overview?project=749480647588 then retry. If you enabled this API recently, wait a few minutes for the action to propagate to our systems and retry.","errors":[{"message":"Compute Engine API has not been used in project 749480647588 before or it is disabled. Enable it by visiting https://console.developers.google.com/apis/api/compute.googleapis.com/overview?project=749480647588 then retry. If you enabled this API recently, wait a few minutes for the action to propagate to our systems and retry.","domain":"usageLimits","reason":"accessNotConfigured","extendedHelp":"https://console.developers.google.com"}],"status":"PERMISSION_DENIED","details":[{"@type":"type.googleapis.com/google.rpc.ErrorInfo","reason":"SERVICE_DISABLED","domain":"googleapis.com","metadata":{"serviceTitle":"Compute Engine API","containerInfo":"749480647588","activationUrl":"https://console.developers.google.com/apis/api/compute.googleapis.com/overview?project=749480647588","service":"compute.googleapis.com","consumer":"projects/749480647588"}},{"@type":"type.googleapis.com/google.rpc.LocalizedMessage","locale":"en-US","message":"Compute Engine API has not been used in project 749480647588 before or it is disabled. Enable it by visiting https://console.developers.google.com/apis/api/compute.googleapis.com/overview?project=749480647588 then retry. If you enabled this API recently, wait a few minutes for the action to propagate to our systems and retry."},{"@type":"type.googleapis.com/google.rpc.Help","links":[{"description":"Google developers console API activation","url":"https://console.developers.google.com/apis/api/compute.googleapis.com/overview?project=749480647588"}]}]}},"response":{"statusCode":403}},"exit":1,"message":"Request to https://compute.googleapis.com/compute/v1/projects/749480647588 had HTTP Error: 403, Compute Engine API has not been used in project 749480647588 before or it is disabled. Enable it by visiting https://console.developers.google.com/apis/api/compute.googleapis.com/overview?project=749480647588 then retry. If you enabled this API recently, wait a few minutes for the action to propagate to our systems and retry.","status":403}
[debug] [2026-01-02T14:29:02.314Z] No OAuth tokens found
[debug] [2026-01-02T14:29:02.314Z] No OAuth tokens found
[debug] [2026-01-02T14:29:02.315Z] > command requires scopes: ["email","openid","https://www.googleapis.com/auth/cloudplatformprojects.readonly","https://www.googleapis.com/auth/firebase","https://www.googleapis.com/auth/cloud-platform","https://www.googleapis.com/auth/userinfo.email"]
[debug] [2026-01-02T14:29:02.315Z] > authorizing via signed-in user (zippsuperapp@gmail.com)
[debug] [2026-01-02T14:29:02.324Z] >>> [apiv2][query] GET https://compute.googleapis.com/compute/v1/projects/749480647588 [none]
[debug] [2026-01-02T14:29:02.585Z] <<< [apiv2][status] GET https://compute.googleapis.com/compute/v1/projects/749480647588 403
[debug] [2026-01-02T14:29:02.585Z] <<< [apiv2][body] GET https://compute.googleapis.com/compute/v1/projects/749480647588 {"error":{"code":403,"message":"Compute Engine API has not been used in project 749480647588 before or it is disabled. Enable it by visiting https://console.developers.google.com/apis/api/compute.googleapis.com/overview?project=749480647588 then retry. If you enabled this API recently, wait a few minutes for the action to propagate to our systems and retry.","errors":[{"message":"Compute Engine API has not been used in project 749480647588 before or it is disabled. Enable it by visiting https://console.developers.google.com/apis/api/compute.googleapis.com/overview?project=749480647588 then retry. If you enabled this API recently, wait a few minutes for the action to propagate to our systems and retry.","domain":"usageLimits","reason":"accessNotConfigured","extendedHelp":"https://console.developers.google.com"}],"status":"PERMISSION_DENIED","details":[{"@type":"type.googleapis.com/google.rpc.ErrorInfo","reason":"SERVICE_DISABLED","domain":"googleapis.com","metadata":{"containerInfo":"749480647588","consumer":"projects/749480647588","service":"compute.googleapis.com","serviceTitle":"Compute Engine API","activationUrl":"https://console.developers.google.com/apis/api/compute.googleapis.com/overview?project=749480647588"}},{"@type":"type.googleapis.com/google.rpc.LocalizedMessage","locale":"en-US","message":"Compute Engine API has not been used in project 749480647588 before or it is disabled. Enable it by visiting https://console.developers.google.com/apis/api/compute.googleapis.com/overview?project=749480647588 then retry. If you enabled this API recently, wait a few minutes for the action to propagate to our systems and retry."},{"@type":"type.googleapis.com/google.rpc.Help","links":[{"description":"Google developers console API activation","url":"https://console.developers.google.com/apis/api/compute.googleapis.com/overview?project=749480647588"}]}]}}
[debug] [2026-01-02T14:29:02.593Z] unable to look up default compute service account. Falling back to 749480647588-compute@developer.gserviceaccount.com. Error: {"name":"FirebaseError","children":[],"context":{"body":{"error":{"code":403,"message":"Compute Engine API has not been used in project 749480647588 before or it is disabled. Enable it by visiting https://console.developers.google.com/apis/api/compute.googleapis.com/overview?project=749480647588 then retry. If you enabled this API recently, wait a few minutes for the action to propagate to our systems and retry.","errors":[{"message":"Compute Engine API has not been used in project 749480647588 before or it is disabled. Enable it by visiting https://console.developers.google.com/apis/api/compute.googleapis.com/overview?project=749480647588 then retry. If you enabled this API recently, wait a few minutes for the action to propagate to our systems and retry.","domain":"usageLimits","reason":"accessNotConfigured","extendedHelp":"https://console.developers.google.com"}],"status":"PERMISSION_DENIED","details":[{"@type":"type.googleapis.com/google.rpc.ErrorInfo","reason":"SERVICE_DISABLED","domain":"googleapis.com","metadata":{"containerInfo":"749480647588","consumer":"projects/749480647588","service":"compute.googleapis.com","serviceTitle":"Compute Engine API","activationUrl":"https://console.developers.google.com/apis/api/compute.googleapis.com/overview?project=749480647588"}},{"@type":"type.googleapis.com/google.rpc.LocalizedMessage","locale":"en-US","message":"Compute Engine API has not been used in project 749480647588 before or it is disabled. Enable it by visiting https://console.developers.google.com/apis/api/compute.googleapis.com/overview?project=749480647588 then retry. If you enabled this API recently, wait a few minutes for the action to propagate to our systems and retry."},{"@type":"type.googleapis.com/google.rpc.Help","links":[{"description":"Google developers console API activation","url":"https://console.developers.google.com/apis/api/compute.googleapis.com/overview?project=749480647588"}]}]}},"response":{"statusCode":403}},"exit":1,"message":"Request to https://compute.googleapis.com/compute/v1/projects/749480647588 had HTTP Error: 403, Compute Engine API has not been used in project 749480647588 before or it is disabled. Enable it by visiting https://console.developers.google.com/apis/api/compute.googleapis.com/overview?project=749480647588 then retry. If you enabled this API recently, wait a few minutes for the action to propagate to our systems and retry.","status":403}
[debug] [2026-01-02T14:29:02.593Z] No OAuth tokens found
[debug] [2026-01-02T14:29:02.593Z] No OAuth tokens found
[debug] [2026-01-02T14:29:02.594Z] > command requires scopes: ["email","openid","https://www.googleapis.com/auth/cloudplatformprojects.readonly","https://www.googleapis.com/auth/firebase","https://www.googleapis.com/auth/cloud-platform","https://www.googleapis.com/auth/userinfo.email"]
[debug] [2026-01-02T14:29:02.594Z] > authorizing via signed-in user (zippsuperapp@gmail.com)
[debug] [2026-01-02T14:29:02.594Z] >>> [apiv2][query] GET https://compute.googleapis.com/compute/v1/projects/749480647588 [none]
[debug] [2026-01-02T14:29:02.793Z] <<< [apiv2][status] GET https://compute.googleapis.com/compute/v1/projects/749480647588 403
[debug] [2026-01-02T14:29:02.793Z] <<< [apiv2][body] GET https://compute.googleapis.com/compute/v1/projects/749480647588 {"error":{"code":403,"message":"Compute Engine API has not been used in project 749480647588 before or it is disabled. Enable it by visiting https://console.developers.google.com/apis/api/compute.googleapis.com/overview?project=749480647588 then retry. If you enabled this API recently, wait a few minutes for the action to propagate to our systems and retry.","errors":[{"message":"Compute Engine API has not been used in project 749480647588 before or it is disabled. Enable it by visiting https://console.developers.google.com/apis/api/compute.googleapis.com/overview?project=749480647588 then retry. If you enabled this API recently, wait a few minutes for the action to propagate to our systems and retry.","domain":"usageLimits","reason":"accessNotConfigured","extendedHelp":"https://console.developers.google.com"}],"status":"PERMISSION_DENIED","details":[{"@type":"type.googleapis.com/google.rpc.ErrorInfo","reason":"SERVICE_DISABLED","domain":"googleapis.com","metadata":{"containerInfo":"749480647588","serviceTitle":"Compute Engine API","activationUrl":"https://console.developers.google.com/apis/api/compute.googleapis.com/overview?project=749480647588","consumer":"projects/749480647588","service":"compute.googleapis.com"}},{"@type":"type.googleapis.com/google.rpc.LocalizedMessage","locale":"en-US","message":"Compute Engine API has not been used in project 749480647588 before or it is disabled. Enable it by visiting https://console.developers.google.com/apis/api/compute.googleapis.com/overview?project=749480647588 then retry. If you enabled this API recently, wait a few minutes for the action to propagate to our systems and retry."},{"@type":"type.googleapis.com/google.rpc.Help","links":[{"description":"Google developers console API activation","url":"https://console.developers.google.com/apis/api/compute.googleapis.com/overview?project=749480647588"}]}]}}
[debug] [2026-01-02T14:29:02.794Z] unable to look up default compute service account. Falling back to 749480647588-compute@developer.gserviceaccount.com. Error: {"name":"FirebaseError","children":[],"context":{"body":{"error":{"code":403,"message":"Compute Engine API has not been used in project 749480647588 before or it is disabled. Enable it by visiting https://console.developers.google.com/apis/api/compute.googleapis.com/overview?project=749480647588 then retry. If you enabled this API recently, wait a few minutes for the action to propagate to our systems and retry.","errors":[{"message":"Compute Engine API has not been used in project 749480647588 before or it is disabled. Enable it by visiting https://console.developers.google.com/apis/api/compute.googleapis.com/overview?project=749480647588 then retry. If you enabled this API recently, wait a few minutes for the action to propagate to our systems and retry.","domain":"usageLimits","reason":"accessNotConfigured","extendedHelp":"https://console.developers.google.com"}],"status":"PERMISSION_DENIED","details":[{"@type":"type.googleapis.com/google.rpc.ErrorInfo","reason":"SERVICE_DISABLED","domain":"googleapis.com","metadata":{"containerInfo":"749480647588","serviceTitle":"Compute Engine API","activationUrl":"https://console.developers.google.com/apis/api/compute.googleapis.com/overview?project=749480647588","consumer":"projects/749480647588","service":"compute.googleapis.com"}},{"@type":"type.googleapis.com/google.rpc.LocalizedMessage","locale":"en-US","message":"Compute Engine API has not been used in project 749480647588 before or it is disabled. Enable it by visiting https://console.developers.google.com/apis/api/compute.googleapis.com/overview?project=749480647588 then retry. If you enabled this API recently, wait a few minutes for the action to propagate to our systems and retry."},{"@type":"type.googleapis.com/google.rpc.Help","links":[{"description":"Google developers console API activation","url":"https://console.developers.google.com/apis/api/compute.googleapis.com/overview?project=749480647588"}]}]}},"response":{"statusCode":403}},"exit":1,"message":"Request to https://compute.googleapis.com/compute/v1/projects/749480647588 had HTTP Error: 403, Compute Engine API has not been used in project 749480647588 before or it is disabled. Enable it by visiting https://console.developers.google.com/apis/api/compute.googleapis.com/overview?project=749480647588 then retry. If you enabled this API recently, wait a few minutes for the action to propagate to our systems and retry.","status":403}
[debug] [2026-01-02T14:29:02.794Z] No OAuth tokens found
[debug] [2026-01-02T14:29:02.796Z] No OAuth tokens found
[debug] [2026-01-02T14:29:02.796Z] > command requires scopes: ["email","openid","https://www.googleapis.com/auth/cloudplatformprojects.readonly","https://www.googleapis.com/auth/firebase","https://www.googleapis.com/auth/cloud-platform","https://www.googleapis.com/auth/userinfo.email"]
[debug] [2026-01-02T14:29:02.796Z] > authorizing via signed-in user (zippsuperapp@gmail.com)
[debug] [2026-01-02T14:29:02.797Z] >>> [apiv2][query] GET https://compute.googleapis.com/compute/v1/projects/749480647588 [none]
[debug] [2026-01-02T14:29:02.989Z] <<< [apiv2][status] GET https://compute.googleapis.com/compute/v1/projects/749480647588 403
[debug] [2026-01-02T14:29:02.989Z] <<< [apiv2][body] GET https://compute.googleapis.com/compute/v1/projects/749480647588 {"error":{"code":403,"message":"Compute Engine API has not been used in project 749480647588 before or it is disabled. Enable it by visiting https://console.developers.google.com/apis/api/compute.googleapis.com/overview?project=749480647588 then retry. If you enabled this API recently, wait a few minutes for the action to propagate to our systems and retry.","errors":[{"message":"Compute Engine API has not been used in project 749480647588 before or it is disabled. Enable it by visiting https://console.developers.google.com/apis/api/compute.googleapis.com/overview?project=749480647588 then retry. If you enabled this API recently, wait a few minutes for the action to propagate to our systems and retry.","domain":"usageLimits","reason":"accessNotConfigured","extendedHelp":"https://console.developers.google.com"}],"status":"PERMISSION_DENIED","details":[{"@type":"type.googleapis.com/google.rpc.ErrorInfo","reason":"SERVICE_DISABLED","domain":"googleapis.com","metadata":{"consumer":"projects/749480647588","serviceTitle":"Compute Engine API","activationUrl":"https://console.developers.google.com/apis/api/compute.googleapis.com/overview?project=749480647588","service":"compute.googleapis.com","containerInfo":"749480647588"}},{"@type":"type.googleapis.com/google.rpc.LocalizedMessage","locale":"en-US","message":"Compute Engine API has not been used in project 749480647588 before or it is disabled. Enable it by visiting https://console.developers.google.com/apis/api/compute.googleapis.com/overview?project=749480647588 then retry. If you enabled this API recently, wait a few minutes for the action to propagate to our systems and retry."},{"@type":"type.googleapis.com/google.rpc.Help","links":[{"description":"Google developers console API activation","url":"https://console.developers.google.com/apis/api/compute.googleapis.com/overview?project=749480647588"}]}]}}
[debug] [2026-01-02T14:29:02.992Z] unable to look up default compute service account. Falling back to 749480647588-compute@developer.gserviceaccount.com. Error: {"name":"FirebaseError","children":[],"context":{"body":{"error":{"code":403,"message":"Compute Engine API has not been used in project 749480647588 before or it is disabled. Enable it by visiting https://console.developers.google.com/apis/api/compute.googleapis.com/overview?project=749480647588 then retry. If you enabled this API recently, wait a few minutes for the action to propagate to our systems and retry.","errors":[{"message":"Compute Engine API has not been used in project 749480647588 before or it is disabled. Enable it by visiting https://console.developers.google.com/apis/api/compute.googleapis.com/overview?project=749480647588 then retry. If you enabled this API recently, wait a few minutes for the action to propagate to our systems and retry.","domain":"usageLimits","reason":"accessNotConfigured","extendedHelp":"https://console.developers.google.com"}],"status":"PERMISSION_DENIED","details":[{"@type":"type.googleapis.com/google.rpc.ErrorInfo","reason":"SERVICE_DISABLED","domain":"googleapis.com","metadata":{"consumer":"projects/749480647588","serviceTitle":"Compute Engine API","activationUrl":"https://console.developers.google.com/apis/api/compute.googleapis.com/overview?project=749480647588","service":"compute.googleapis.com","containerInfo":"749480647588"}},{"@type":"type.googleapis.com/google.rpc.LocalizedMessage","locale":"en-US","message":"Compute Engine API has not been used in project 749480647588 before or it is disabled. Enable it by visiting https://console.developers.google.com/apis/api/compute.googleapis.com/overview?project=749480647588 then retry. If you enabled this API recently, wait a few minutes for the action to propagate to our systems and retry."},{"@type":"type.googleapis.com/google.rpc.Help","links":[{"description":"Google developers console API activation","url":"https://console.developers.google.com/apis/api/compute.googleapis.com/overview?project=749480647588"}]}]}},"response":{"statusCode":403}},"exit":1,"message":"Request to https://compute.googleapis.com/compute/v1/projects/749480647588 had HTTP Error: 403, Compute Engine API has not been used in project 749480647588 before or it is disabled. Enable it by visiting https://console.developers.google.com/apis/api/compute.googleapis.com/overview?project=749480647588 then retry. If you enabled this API recently, wait a few minutes for the action to propagate to our systems and retry.","status":403}
[debug] [2026-01-02T14:29:02.993Z] No OAuth tokens found
[debug] [2026-01-02T14:29:02.993Z] No OAuth tokens found
[debug] [2026-01-02T14:29:02.995Z] > command requires scopes: ["email","openid","https://www.googleapis.com/auth/cloudplatformprojects.readonly","https://www.googleapis.com/auth/firebase","https://www.googleapis.com/auth/cloud-platform","https://www.googleapis.com/auth/userinfo.email"]
[debug] [2026-01-02T14:29:02.995Z] > authorizing via signed-in user (zippsuperapp@gmail.com)
[debug] [2026-01-02T14:29:02.996Z] >>> [apiv2][query] GET https://compute.googleapis.com/compute/v1/projects/749480647588 [none]
[debug] [2026-01-02T14:29:03.208Z] <<< [apiv2][status] GET https://compute.googleapis.com/compute/v1/projects/749480647588 403
[debug] [2026-01-02T14:29:03.210Z] <<< [apiv2][body] GET https://compute.googleapis.com/compute/v1/projects/749480647588 {"error":{"code":403,"message":"Compute Engine API has not been used in project 749480647588 before or it is disabled. Enable it by visiting https://console.developers.google.com/apis/api/compute.googleapis.com/overview?project=749480647588 then retry. If you enabled this API recently, wait a few minutes for the action to propagate to our systems and retry.","errors":[{"message":"Compute Engine API has not been used in project 749480647588 before or it is disabled. Enable it by visiting https://console.developers.google.com/apis/api/compute.googleapis.com/overview?project=749480647588 then retry. If you enabled this API recently, wait a few minutes for the action to propagate to our systems and retry.","domain":"usageLimits","reason":"accessNotConfigured","extendedHelp":"https://console.developers.google.com"}],"status":"PERMISSION_DENIED","details":[{"@type":"type.googleapis.com/google.rpc.ErrorInfo","reason":"SERVICE_DISABLED","domain":"googleapis.com","metadata":{"containerInfo":"749480647588","serviceTitle":"Compute Engine API","consumer":"projects/749480647588","activationUrl":"https://console.developers.google.com/apis/api/compute.googleapis.com/overview?project=749480647588","service":"compute.googleapis.com"}},{"@type":"type.googleapis.com/google.rpc.LocalizedMessage","locale":"en-US","message":"Compute Engine API has not been used in project 749480647588 before or it is disabled. Enable it by visiting https://console.developers.google.com/apis/api/compute.googleapis.com/overview?project=749480647588 then retry. If you enabled this API recently, wait a few minutes for the action to propagate to our systems and retry."},{"@type":"type.googleapis.com/google.rpc.Help","links":[{"description":"Google developers console API activation","url":"https://console.developers.google.com/apis/api/compute.googleapis.com/overview?project=749480647588"}]}]}}
[debug] [2026-01-02T14:29:03.211Z] unable to look up default compute service account. Falling back to 749480647588-compute@developer.gserviceaccount.com. Error: {"name":"FirebaseError","children":[],"context":{"body":{"error":{"code":403,"message":"Compute Engine API has not been used in project 749480647588 before or it is disabled. Enable it by visiting https://console.developers.google.com/apis/api/compute.googleapis.com/overview?project=749480647588 then retry. If you enabled this API recently, wait a few minutes for the action to propagate to our systems and retry.","errors":[{"message":"Compute Engine API has not been used in project 749480647588 before or it is disabled. Enable it by visiting https://console.developers.google.com/apis/api/compute.googleapis.com/overview?project=749480647588 then retry. If you enabled this API recently, wait a few minutes for the action to propagate to our systems and retry.","domain":"usageLimits","reason":"accessNotConfigured","extendedHelp":"https://console.developers.google.com"}],"status":"PERMISSION_DENIED","details":[{"@type":"type.googleapis.com/google.rpc.ErrorInfo","reason":"SERVICE_DISABLED","domain":"googleapis.com","metadata":{"containerInfo":"749480647588","serviceTitle":"Compute Engine API","consumer":"projects/749480647588","activationUrl":"https://console.developers.google.com/apis/api/compute.googleapis.com/overview?project=749480647588","service":"compute.googleapis.com"}},{"@type":"type.googleapis.com/google.rpc.LocalizedMessage","locale":"en-US","message":"Compute Engine API has not been used in project 749480647588 before or it is disabled. Enable it by visiting https://console.developers.google.com/apis/api/compute.googleapis.com/overview?project=749480647588 then retry. If you enabled this API recently, wait a few minutes for the action to propagate to our systems and retry."},{"@type":"type.googleapis.com/google.rpc.Help","links":[{"description":"Google developers console API activation","url":"https://console.developers.google.com/apis/api/compute.googleapis.com/overview?project=749480647588"}]}]}},"response":{"statusCode":403}},"exit":1,"message":"Request to https://compute.googleapis.com/compute/v1/projects/749480647588 had HTTP Error: 403, Compute Engine API has not been used in project 749480647588 before or it is disabled. Enable it by visiting https://console.developers.google.com/apis/api/compute.googleapis.com/overview?project=749480647588 then retry. If you enabled this API recently, wait a few minutes for the action to propagate to our systems and retry.","status":403}
[debug] [2026-01-02T14:29:03.225Z] No OAuth tokens found
[debug] [2026-01-02T14:29:03.229Z] No OAuth tokens found
[debug] [2026-01-02T14:29:03.230Z] > command requires scopes: ["email","openid","https://www.googleapis.com/auth/cloudplatformprojects.readonly","https://www.googleapis.com/auth/firebase","https://www.googleapis.com/auth/cloud-platform","https://www.googleapis.com/auth/userinfo.email"]
[debug] [2026-01-02T14:29:03.230Z] > authorizing via signed-in user (zippsuperapp@gmail.com)
[debug] [2026-01-02T14:29:03.230Z] >>> [apiv2][query] GET https://cloudbilling.googleapis.com/v1/projects/studio-7004719050-b856d/billingInfo [none]
[debug] [2026-01-02T14:29:04.245Z] <<< [apiv2][status] GET https://cloudbilling.googleapis.com/v1/projects/studio-7004719050-b856d/billingInfo 200
[debug] [2026-01-02T14:29:04.245Z] <<< [apiv2][body] GET https://cloudbilling.googleapis.com/v1/projects/studio-7004719050-b856d/billingInfo {"name":"projects/studio-7004719050-b856d/billingInfo","projectId":"studio-7004719050-b856d","billingAccountName":"billingAccounts/012BFC-475EEC-13194B","billingEnabled":true}
[debug] [2026-01-02T14:29:04.257Z] No OAuth tokens found
[debug] [2026-01-02T14:29:04.258Z] No OAuth tokens found
[debug] [2026-01-02T14:29:04.258Z] > command requires scopes: ["email","openid","https://www.googleapis.com/auth/cloudplatformprojects.readonly","https://www.googleapis.com/auth/firebase","https://www.googleapis.com/auth/cloud-platform","https://www.googleapis.com/auth/userinfo.email"]
[debug] [2026-01-02T14:29:04.258Z] > authorizing via signed-in user (zippsuperapp@gmail.com)
[debug] [2026-01-02T14:29:04.260Z] >>> [apiv2][query] POST https://cloudfunctions.googleapis.com/v2/projects/studio-7004719050-b856d/locations/us-central1/functions:generateUploadUrl [none]
[debug] [2026-01-02T14:29:05.361Z] <<< [apiv2][status] POST https://cloudfunctions.googleapis.com/v2/projects/studio-7004719050-b856d/locations/us-central1/functions:generateUploadUrl 200
[debug] [2026-01-02T14:29:05.361Z] <<< [apiv2][body] POST https://cloudfunctions.googleapis.com/v2/projects/studio-7004719050-b856d/locations/us-central1/functions:generateUploadUrl {"uploadUrl":"https://storage.googleapis.com/gcf-v2-uploads-749480647588.us-central1.cloudfunctions.appspot.com/a3811cbe-4406-43f7-b8d9-b5e36df5db66.zip?GoogleAccessId=service-749480647588@gcf-admin-robot.iam.gserviceaccount.com&Expires=1767365945&Signature=jQbiwF%2FcQ7hrcoFS74CfMapSFBspSIMwqsdg3xbu0hQOHSfDbnHYtqFhleVD6fzjhdgTrUJ9Q69W%2F9lKK2d6VeNdg6kZoUX0bkDEDkom06fIJZW9t1R%2FDY8OBkIYf6x%2FXablSPlHWhLJhaPn27ueGMHBW7ZjgJ08C%2Bc46byRgZhrLkmcEQc%2FEtZVf5ZcpzWImN6DnDWvSVYoUIpUF4GcXWh8O35KaxYCSKHGzOklW5qxEBlDZfqNOFR9rH8jhsm6cEznJWn9ePFto9CmFhAW98AOeKGitmPw8SmhL9PcH9ablTuk2K%2FHa%2BZBBjaDbKxcX0Nu0%2FhL0MXNAfGThceaLQ%3D%3D","storageSource":{"bucket":"gcf-v2-uploads-749480647588.us-central1.cloudfunctions.appspot.com","object":"a3811cbe-4406-43f7-b8d9-b5e36df5db66.zip"}}
[debug] [2026-01-02T14:29:05.364Z] >>> [apiv2][query] PUT https://storage.googleapis.com/gcf-v2-uploads-749480647588.us-central1.cloudfunctions.appspot.com/a3811cbe-4406-43f7-b8d9-b5e36df5db66.zip GoogleAccessId=service-749480647588%40gcf-admin-robot.iam.gserviceaccount.com&Expires=1767365945&Signature=jQbiwF%2FcQ7hrcoFS74CfMapSFBspSIMwqsdg3xbu0hQOHSfDbnHYtqFhleVD6fzjhdgTrUJ9Q69W%2F9lKK2d6VeNdg6kZoUX0bkDEDkom06fIJZW9t1R%2FDY8OBkIYf6x%2FXablSPlHWhLJhaPn27ueGMHBW7ZjgJ08C%2Bc46byRgZhrLkmcEQc%2FEtZVf5ZcpzWImN6DnDWvSVYoUIpUF4GcXWh8O35KaxYCSKHGzOklW5qxEBlDZfqNOFR9rH8jhsm6cEznJWn9ePFto9CmFhAW98AOeKGitmPw8SmhL9PcH9ablTuk2K%2FHa%2BZBBjaDbKxcX0Nu0%2FhL0MXNAfGThceaLQ%3D%3D
[debug] [2026-01-02T14:29:05.365Z] >>> [apiv2][body] PUT https://storage.googleapis.com/gcf-v2-uploads-749480647588.us-central1.cloudfunctions.appspot.com/a3811cbe-4406-43f7-b8d9-b5e36df5db66.zip [stream]
[debug] [2026-01-02T14:29:05.844Z] <<< [apiv2][status] PUT https://storage.googleapis.com/gcf-v2-uploads-749480647588.us-central1.cloudfunctions.appspot.com/a3811cbe-4406-43f7-b8d9-b5e36df5db66.zip 200
[debug] [2026-01-02T14:29:05.845Z] <<< [apiv2][body] PUT https://storage.googleapis.com/gcf-v2-uploads-749480647588.us-central1.cloudfunctions.appspot.com/a3811cbe-4406-43f7-b8d9-b5e36df5db66.zip [omitted]
[info] ✔  functions: functions source uploaded successfully 
[info] i  functions: Skipping the deploy of unchanged functions. 
[info] ✔  functions[finalizeVendorClaim(us-central1)] Skipped (No changes detected) 
[info] ✔  functions[getVendorDataset(us-central1)] Skipped (No changes detected) 
[info] ✔  functions[manuallyGenerateVendorSnapshot(us-central1)] Skipped (No changes detected) 
[info] ✔  functions[updateZippHighlights(us-central1)] Skipped (No changes detected) 
[info] ✔  functions[onVendorCreate(us-central1)] Skipped (No changes detected) 
[info] ✔  functions[onVendorDelete(us-central1)] Skipped (No changes detected) 
[info] ✔  functions[scheduledVendorSnapshot(us-central1)] Skipped (No changes detected) 
[info] ✔  functions[placePhotoProxy(us-central1)] Skipped (No changes detected) 
[info] ✔  functions[manuallyRunZippHighlights(us-central1)] Skipped (No changes detected) 
[info] i  functions: updating Node.js 20 (2nd Gen) function migrateVendorPhotos(us-central1)... 
[debug] [2026-01-02T14:29:05.866Z] No OAuth tokens found
[debug] [2026-01-02T14:29:05.867Z] No OAuth tokens found
[debug] [2026-01-02T14:29:05.870Z] > command requires scopes: ["email","openid","https://www.googleapis.com/auth/cloudplatformprojects.readonly","https://www.googleapis.com/auth/firebase","https://www.googleapis.com/auth/cloud-platform","https://www.googleapis.com/auth/userinfo.email"]
[debug] [2026-01-02T14:29:05.871Z] > authorizing via signed-in user (zippsuperapp@gmail.com)
[debug] [2026-01-02T14:29:05.871Z] >>> [apiv2][query] PATCH https://cloudfunctions.googleapis.com/v2/projects/studio-7004719050-b856d/locations/us-central1/functions/migrateVendorPhotos updateMask=name%2CbuildConfig.runtime%2CbuildConfig.entryPoint%2CbuildConfig.source.storageSource.bucket%2CbuildConfig.source.storageSource.object%2CbuildConfig.environmentVariables%2CbuildConfig.sourceToken%2CserviceConfig.environmentVariables%2CserviceConfig.secretEnvironmentVariables%2CserviceConfig.ingressSettings%2CserviceConfig.timeoutSeconds%2CserviceConfig.serviceAccountEmail%2CserviceConfig.availableMemory%2CserviceConfig.minInstanceCount%2CserviceConfig.maxInstanceCount%2CserviceConfig.maxInstanceRequestConcurrency%2CserviceConfig.availableCpu%2CserviceConfig.vpcConnector%2CserviceConfig.vpcConnectorEgressSettings%2Clabels
[debug] [2026-01-02T14:29:05.871Z] >>> [apiv2][body] PATCH https://cloudfunctions.googleapis.com/v2/projects/studio-7004719050-b856d/locations/us-central1/functions/migrateVendorPhotos {"name":"projects/studio-7004719050-b856d/locations/us-central1/functions/migrateVendorPhotos","buildConfig":{"runtime":"nodejs20","entryPoint":"migrateVendorPhotos","source":{"storageSource":{"bucket":"gcf-v2-uploads-749480647588.us-central1.cloudfunctions.appspot.com","object":"a3811cbe-4406-43f7-b8d9-b5e36df5db66.zip"}},"environmentVariables":{"GOOGLE_NODE_RUN_SCRIPTS":""}},"serviceConfig":{"environmentVariables":{"FIREBASE_CONFIG":"{\"projectId\":\"studio-7004719050-b856d\",\"storageBucket\":\"studio-7004719050-b856d.firebasestorage.app\"}","GCLOUD_PROJECT":"studio-7004719050-b856d","EVENTARC_CLOUD_EVENT_SOURCE":"projects/studio-7004719050-b856d/locations/us-central1/services/migrateVendorPhotos","FUNCTION_TARGET":"migrateVendorPhotos","LOG_EXECUTION_ID":"true"},"secretEnvironmentVariables":[{"key":"PLACES_KEY","secret":"PLACES_KEY","projectId":"studio-7004719050-b856d","version":"1"}],"ingressSettings":null,"timeoutSeconds":540,"serviceAccountEmail":null,"availableMemory":"256Mi","minInstanceCount":null,"maxInstanceCount":null,"maxInstanceRequestConcurrency":80,"availableCpu":"1","vpcConnector":null,"vpcConnectorEgressSettings":null},"labels":{"deployment-tool":"cli-firebase--project-idx","firebase-functions-hash":"2f73929d7c7017063b3d33241b81442010ac9eae"}}
[debug] [2026-01-02T14:29:07.469Z] <<< [apiv2][status] PATCH https://cloudfunctions.googleapis.com/v2/projects/studio-7004719050-b856d/locations/us-central1/functions/migrateVendorPhotos 200
[debug] [2026-01-02T14:29:07.470Z] <<< [apiv2][body] PATCH https://cloudfunctions.googleapis.com/v2/projects/studio-7004719050-b856d/locations/us-central1/functions/migrateVendorPhotos {"name":"projects/studio-7004719050-b856d/locations/us-central1/operations/operation-1767364146803-647688828b3c2-5779f325-b50907d4","metadata":{"@type":"type.googleapis.com/google.cloud.functions.v2.OperationMetadata","createTime":"2026-01-02T14:29:07.352715096Z","target":"projects/studio-7004719050-b856d/locations/us-central1/functions/migrateVendorPhotos","verb":"update","cancelRequested":false,"apiVersion":"v2"},"done":false}
[debug] [2026-01-02T14:29:07.474Z] No OAuth tokens found
[debug] [2026-01-02T14:29:07.474Z] No OAuth tokens found
[debug] [2026-01-02T14:29:07.478Z] > command requires scopes: ["email","openid","https://www.googleapis.com/auth/cloudplatformprojects.readonly","https://www.googleapis.com/auth/firebase","https://www.googleapis.com/auth/cloud-platform","https://www.googleapis.com/auth/userinfo.email"]
[debug] [2026-01-02T14:29:07.479Z] > authorizing via signed-in user (zippsuperapp@gmail.com)
[debug] [2026-01-02T14:29:07.479Z] >>> [apiv2][query] GET https://cloudfunctions.googleapis.com/v2/projects/studio-7004719050-b856d/locations/us-central1/operations/operation-1767364146803-647688828b3c2-5779f325-b50907d4 [none]
[debug] [2026-01-02T14:29:08.497Z] <<< [apiv2][status] GET https://cloudfunctions.googleapis.com/v2/projects/studio-7004719050-b856d/locations/us-central1/operations/operation-1767364146803-647688828b3c2-5779f325-b50907d4 200
[debug] [2026-01-02T14:29:08.498Z] <<< [apiv2][body] GET https://cloudfunctions.googleapis.com/v2/projects/studio-7004719050-b856d/locations/us-central1/operations/operation-1767364146803-647688828b3c2-5779f325-b50907d4 {"name":"projects/studio-7004719050-b856d/locations/us-central1/operations/operation-1767364146803-647688828b3c2-5779f325-b50907d4","metadata":{"@type":"type.googleapis.com/google.cloud.functions.v2.OperationMetadata","createTime":"2026-01-02T14:29:07.352715096Z","target":"projects/studio-7004719050-b856d/locations/us-central1/functions/migrateVendorPhotos","verb":"update","cancelRequested":false,"apiVersion":"v2","requestResource":{"@type":"type.googleapis.com/google.cloud.functions.v2.Function","name":"projects/studio-7004719050-b856d/locations/us-central1/functions/migrateVendorPhotos","buildConfig":{"runtime":"nodejs20","entryPoint":"migrateVendorPhotos","source":{"storageSource":{"bucket":"gcf-v2-sources-749480647588-us-central1","object":"migrateVendorPhotos/function-source.zip","generation":"1767364147314086"}},"environmentVariables":{"GOOGLE_NODE_RUN_SCRIPTS":""},"dockerRepository":"projects/studio-7004719050-b856d/locations/us-central1/repositories/gcf-artifacts","sourceProvenance":{"resolvedStorageSource":{"bucket":"gcf-v2-sources-749480647588-us-central1","object":"migrateVendorPhotos/function-source.zip","generation":"1767363951874501"}},"dockerRegistry":"ARTIFACT_REGISTRY","serviceAccount":"projects/studio-7004719050-b856d/serviceAccounts/749480647588-compute@developer.gserviceaccount.com","automaticUpdatePolicy":{}},"serviceConfig":{"service":"projects/studio-7004719050-b856d/locations/us-central1/services/migratevendorphotos","timeoutSeconds":540,"environmentVariables":{"FIREBASE_CONFIG":"{\"projectId\":\"studio-7004719050-b856d\",\"storageBucket\":\"studio-7004719050-b856d.firebasestorage.app\"}","GCLOUD_PROJECT":"studio-7004719050-b856d","EVENTARC_CLOUD_EVENT_SOURCE":"projects/studio-7004719050-b856d/locations/us-central1/services/migrateVendorPhotos","FUNCTION_TARGET":"migrateVendorPhotos","LOG_EXECUTION_ID":"true"},"ingressSettings":"ALLOW_ALL","serviceAccountEmail":"749480647588-compute@developer.gserviceaccount.com","availableMemory":"256Mi","secretEnvironmentVariables":[{"key":"PLACES_KEY","projectId":"studio-7004719050-b856d","secret":"PLACES_KEY","version":"1"}],"maxInstanceRequestConcurrency":80,"availableCpu":"1"},"state":"FAILED","labels":{"firebase-functions-hash":"2f73929d7c7017063b3d33241b81442010ac9eae"},"stateMessages":[{"severity":"ERROR","type":"CloudRunServiceNotFound","message":"Cloud Run service projects/studio-7004719050-b856d/locations/us-central1/services/migratevendorphotos for the function was not found. The function will not work correctly. Please redeploy."}],"environment":"GEN_2","url":"https://us-central1-studio-7004719050-b856d.cloudfunctions.net/migrateVendorPhotos","satisfiesPzi":true},"stages":[{"name":"BUILD","message":"Build in progress","state":"IN_PROGRESS","resource":"projects/749480647588/locations/us-central1/builds/05e7697c-25c4-4aa2-b3af-413ef468b700","resourceUri":"https://console.cloud.google.com/cloud-build/builds;region=us-central1/05e7697c-25c4-4aa2-b3af-413ef468b700?project=749480647588"},{"name":"SERVICE","state":"NOT_STARTED"}],"operationType":"UPDATE_FUNCTION","buildName":"projects/749480647588/locations/us-central1/builds/05e7697c-25c4-4aa2-b3af-413ef468b700"},"done":false}
[debug] [2026-01-02T14:29:09.002Z] [update-default-us-central1-migrateVendorPhotos] Retrying task index 0
[debug] [2026-01-02T14:29:09.002Z] No OAuth tokens found
[debug] [2026-01-02T14:29:09.003Z] No OAuth tokens found
[debug] [2026-01-02T14:29:09.003Z] > command requires scopes: ["email","openid","https://www.googleapis.com/auth/cloudplatformprojects.readonly","https://www.googleapis.com/auth/firebase","https://www.googleapis.com/auth/cloud-platform","https://www.googleapis.com/auth/userinfo.email"]
[debug] [2026-01-02T14:29:09.006Z] > authorizing via signed-in user (zippsuperapp@gmail.com)
[debug] [2026-01-02T14:29:09.006Z] >>> [apiv2][query] GET https://cloudfunctions.googleapis.com/v2/projects/studio-7004719050-b856d/locations/us-central1/operations/operation-1767364146803-647688828b3c2-5779f325-b50907d4 [none]
[debug] [2026-01-02T14:29:09.945Z] <<< [apiv2][status] GET https://cloudfunctions.googleapis.com/v2/projects/studio-7004719050-b856d/locations/us-central1/operations/operation-1767364146803-647688828b3c2-5779f325-b50907d4 200
[debug] [2026-01-02T14:29:09.945Z] <<< [apiv2][body] GET https://cloudfunctions.googleapis.com/v2/projects/studio-7004719050-b856d/locations/us-central1/operations/operation-1767364146803-647688828b3c2-5779f325-b50907d4 {"name":"projects/studio-7004719050-b856d/locations/us-central1/operations/operation-1767364146803-647688828b3c2-5779f325-b50907d4","metadata":{"@type":"type.googleapis.com/google.cloud.functions.v2.OperationMetadata","createTime":"2026-01-02T14:29:07.352715096Z","target":"projects/studio-7004719050-b856d/locations/us-central1/functions/migrateVendorPhotos","verb":"update","cancelRequested":false,"apiVersion":"v2","requestResource":{"@type":"type.googleapis.com/google.cloud.functions.v2.Function","name":"projects/studio-7004719050-b856d/locations/us-central1/functions/migrateVendorPhotos","buildConfig":{"runtime":"nodejs20","entryPoint":"migrateVendorPhotos","source":{"storageSource":{"bucket":"gcf-v2-sources-749480647588-us-central1","object":"migrateVendorPhotos/function-source.zip","generation":"1767364147314086"}},"environmentVariables":{"GOOGLE_NODE_RUN_SCRIPTS":""},"dockerRepository":"projects/studio-7004719050-b856d/locations/us-central1/repositories/gcf-artifacts","sourceProvenance":{"resolvedStorageSource":{"bucket":"gcf-v2-sources-749480647588-us-central1","object":"migrateVendorPhotos/function-source.zip","generation":"1767363951874501"}},"dockerRegistry":"ARTIFACT_REGISTRY","serviceAccount":"projects/studio-7004719050-b856d/serviceAccounts/749480647588-compute@developer.gserviceaccount.com","automaticUpdatePolicy":{}},"serviceConfig":{"service":"projects/studio-7004719050-b856d/locations/us-central1/services/migratevendorphotos","timeoutSeconds":540,"environmentVariables":{"FIREBASE_CONFIG":"{\"projectId\":\"studio-7004719050-b856d\",\"storageBucket\":\"studio-7004719050-b856d.firebasestorage.app\"}","GCLOUD_PROJECT":"studio-7004719050-b856d","EVENTARC_CLOUD_EVENT_SOURCE":"projects/studio-7004719050-b856d/locations/us-central1/services/migrateVendorPhotos","FUNCTION_TARGET":"migrateVendorPhotos","LOG_EXECUTION_ID":"true"},"ingressSettings":"ALLOW_ALL","serviceAccountEmail":"749480647588-compute@developer.gserviceaccount.com","availableMemory":"256Mi","secretEnvironmentVariables":[{"key":"PLACES_KEY","projectId":"studio-7004719050-b856d","secret":"PLACES_KEY","version":"1"}],"maxInstanceRequestConcurrency":80,"availableCpu":"1"},"state":"FAILED","labels":{"firebase-functions-hash":"2f73929d7c7017063b3d33241b81442010ac9eae"},"stateMessages":[{"severity":"ERROR","type":"CloudRunServiceNotFound","message":"Cloud Run service projects/studio-7004719050-b856d/locations/us-central1/services/migratevendorphotos for the function was not found. The function will not work correctly. Please redeploy."}],"environment":"GEN_2","url":"https://us-central1-studio-7004719050-b856d.cloudfunctions.net/migrateVendorPhotos","satisfiesPzi":true},"stages":[{"name":"BUILD","message":"Build in progress","state":"IN_PROGRESS","resource":"projects/749480647588/locations/us-central1/builds/05e7697c-25c4-4aa2-b3af-413ef468b700","resourceUri":"https://console.cloud.google.com/cloud-build/builds;region=us-central1/05e7697c-25c4-4aa2-b3af-413ef468b700?project=749480647588"},{"name":"SERVICE","state":"NOT_STARTED"}],"operationType":"UPDATE_FUNCTION","buildName":"projects/749480647588/locations/us-central1/builds/05e7697c-25c4-4aa2-b3af-413ef468b700"},"done":false}
[debug] [2026-01-02T14:29:10.946Z] [update-default-us-central1-migrateVendorPhotos] Retrying task index 0
[debug] [2026-01-02T14:29:10.949Z] No OAuth tokens found
[debug] [2026-01-02T14:29:10.952Z] No OAuth tokens found
[debug] [2026-01-02T14:29:10.952Z] > command requires scopes: ["email","openid","https://www.googleapis.com/auth/cloudplatformprojects.readonly","https://www.googleapis.com/auth/firebase","https://www.googleapis.com/auth/cloud-platform","https://www.googleapis.com/auth/userinfo.email"]
[debug] [2026-01-02T14:29:10.952Z] > authorizing via signed-in user (zippsuperapp@gmail.com)
[debug] [2026-01-02T14:29:10.952Z] >>> [apiv2][query] GET https://cloudfunctions.googleapis.com/v2/projects/studio-7004719050-b856d/locations/us-central1/operations/operation-1767364146803-647688828b3c2-5779f325-b50907d4 [none]
[debug] [2026-01-02T14:29:11.890Z] <<< [apiv2][status] GET https://cloudfunctions.googleapis.com/v2/projects/studio-7004719050-b856d/locations/us-central1/operations/operation-1767364146803-647688828b3c2-5779f325-b50907d4 200
[debug] [2026-01-02T14:29:11.892Z] <<< [apiv2][body] GET https://cloudfunctions.googleapis.com/v2/projects/studio-7004719050-b856d/locations/us-central1/operations/operation-1767364146803-647688828b3c2-5779f325-b50907d4 {"name":"projects/studio-7004719050-b856d/locations/us-central1/operations/operation-1767364146803-647688828b3c2-5779f325-b50907d4","metadata":{"@type":"type.googleapis.com/google.cloud.functions.v2.OperationMetadata","createTime":"2026-01-02T14:29:07.352715096Z","target":"projects/studio-7004719050-b856d/locations/us-central1/functions/migrateVendorPhotos","verb":"update","cancelRequested":false,"apiVersion":"v2","requestResource":{"@type":"type.googleapis.com/google.cloud.functions.v2.Function","name":"projects/studio-7004719050-b856d/locations/us-central1/functions/migrateVendorPhotos","buildConfig":{"runtime":"nodejs20","entryPoint":"migrateVendorPhotos","source":{"storageSource":{"bucket":"gcf-v2-sources-749480647588-us-central1","object":"migrateVendorPhotos/function-source.zip","generation":"1767364147314086"}},"environmentVariables":{"GOOGLE_NODE_RUN_SCRIPTS":""},"dockerRepository":"projects/studio-7004719050-b856d/locations/us-central1/repositories/gcf-artifacts","sourceProvenance":{"resolvedStorageSource":{"bucket":"gcf-v2-sources-749480647588-us-central1","object":"migrateVendorPhotos/function-source.zip","generation":"1767363951874501"}},"dockerRegistry":"ARTIFACT_REGISTRY","serviceAccount":"projects/studio-7004719050-b856d/serviceAccounts/749480647588-compute@developer.gserviceaccount.com","automaticUpdatePolicy":{}},"serviceConfig":{"service":"projects/studio-7004719050-b856d/locations/us-central1/services/migratevendorphotos","timeoutSeconds":540,"environmentVariables":{"FIREBASE_CONFIG":"{\"projectId\":\"studio-7004719050-b856d\",\"storageBucket\":\"studio-7004719050-b856d.firebasestorage.app\"}","GCLOUD_PROJECT":"studio-7004719050-b856d","EVENTARC_CLOUD_EVENT_SOURCE":"projects/studio-7004719050-b856d/locations/us-central1/services/migrateVendorPhotos","FUNCTION_TARGET":"migrateVendorPhotos","LOG_EXECUTION_ID":"true"},"ingressSettings":"ALLOW_ALL","serviceAccountEmail":"749480647588-compute@developer.gserviceaccount.com","availableMemory":"256Mi","secretEnvironmentVariables":[{"key":"PLACES_KEY","projectId":"studio-7004719050-b856d","secret":"PLACES_KEY","version":"1"}],"maxInstanceRequestConcurrency":80,"availableCpu":"1"},"state":"FAILED","labels":{"firebase-functions-hash":"2f73929d7c7017063b3d33241b81442010ac9eae"},"stateMessages":[{"severity":"ERROR","type":"CloudRunServiceNotFound","message":"Cloud Run service projects/studio-7004719050-b856d/locations/us-central1/services/migratevendorphotos for the function was not found. The function will not work correctly. Please redeploy."}],"environment":"GEN_2","url":"https://us-central1-studio-7004719050-b856d.cloudfunctions.net/migrateVendorPhotos","satisfiesPzi":true},"stages":[{"name":"BUILD","message":"Build in progress","state":"IN_PROGRESS","resource":"projects/749480647588/locations/us-central1/builds/05e7697c-25c4-4aa2-b3af-413ef468b700","resourceUri":"https://console.cloud.google.com/cloud-build/builds;region=us-central1/05e7697c-25c4-4aa2-b3af-413ef468b700?project=749480647588"},{"name":"SERVICE","state":"NOT_STARTED"}],"operationType":"UPDATE_FUNCTION","buildName":"projects/749480647588/locations/us-central1/builds/05e7697c-25c4-4aa2-b3af-413ef468b700"},"done":false}
[debug] [2026-01-02T14:29:13.895Z] [update-default-us-central1-migrateVendorPhotos] Retrying task index 0
[debug] [2026-01-02T14:29:13.896Z] No OAuth tokens found
[debug] [2026-01-02T14:29:13.896Z] No OAuth tokens found
[debug] [2026-01-02T14:29:13.899Z] > command requires scopes: ["email","openid","https://www.googleapis.com/auth/cloudplatformprojects.readonly","https://www.googleapis.com/auth/firebase","https://www.googleapis.com/auth/cloud-platform","https://www.googleapis.com/auth/userinfo.email"]
[debug] [2026-01-02T14:29:13.899Z] > authorizing via signed-in user (zippsuperapp@gmail.com)
[debug] [2026-01-02T14:29:13.900Z] >>> [apiv2][query] GET https://cloudfunctions.googleapis.com/v2/projects/studio-7004719050-b856d/locations/us-central1/operations/operation-1767364146803-647688828b3c2-5779f325-b50907d4 [none]
[debug] [2026-01-02T14:29:14.911Z] <<< [apiv2][status] GET https://cloudfunctions.googleapis.com/v2/projects/studio-7004719050-b856d/locations/us-central1/operations/operation-1767364146803-647688828b3c2-5779f325-b50907d4 200
[debug] [2026-01-02T14:29:14.914Z] <<< [apiv2][body] GET https://cloudfunctions.googleapis.com/v2/projects/studio-7004719050-b856d/locations/us-central1/operations/operation-1767364146803-647688828b3c2-5779f325-b50907d4 {"name":"projects/studio-7004719050-b856d/locations/us-central1/operations/operation-1767364146803-647688828b3c2-5779f325-b50907d4","metadata":{"@type":"type.googleapis.com/google.cloud.functions.v2.OperationMetadata","createTime":"2026-01-02T14:29:07.352715096Z","target":"projects/studio-7004719050-b856d/locations/us-central1/functions/migrateVendorPhotos","verb":"update","cancelRequested":false,"apiVersion":"v2","requestResource":{"@type":"type.googleapis.com/google.cloud.functions.v2.Function","name":"projects/studio-7004719050-b856d/locations/us-central1/functions/migrateVendorPhotos","buildConfig":{"runtime":"nodejs20","entryPoint":"migrateVendorPhotos","source":{"storageSource":{"bucket":"gcf-v2-sources-749480647588-us-central1","object":"migrateVendorPhotos/function-source.zip","generation":"1767364147314086"}},"environmentVariables":{"GOOGLE_NODE_RUN_SCRIPTS":""},"dockerRepository":"projects/studio-7004719050-b856d/locations/us-central1/repositories/gcf-artifacts","sourceProvenance":{"resolvedStorageSource":{"bucket":"gcf-v2-sources-749480647588-us-central1","object":"migrateVendorPhotos/function-source.zip","generation":"1767363951874501"}},"dockerRegistry":"ARTIFACT_REGISTRY","serviceAccount":"projects/studio-7004719050-b856d/serviceAccounts/749480647588-compute@developer.gserviceaccount.com","automaticUpdatePolicy":{}},"serviceConfig":{"service":"projects/studio-7004719050-b856d/locations/us-central1/services/migratevendorphotos","timeoutSeconds":540,"environmentVariables":{"FIREBASE_CONFIG":"{\"projectId\":\"studio-7004719050-b856d\",\"storageBucket\":\"studio-7004719050-b856d.firebasestorage.app\"}","GCLOUD_PROJECT":"studio-7004719050-b856d","EVENTARC_CLOUD_EVENT_SOURCE":"projects/studio-7004719050-b856d/locations/us-central1/services/migrateVendorPhotos","FUNCTION_TARGET":"migrateVendorPhotos","LOG_EXECUTION_ID":"true"},"ingressSettings":"ALLOW_ALL","serviceAccountEmail":"749480647588-compute@developer.gserviceaccount.com","availableMemory":"256Mi","secretEnvironmentVariables":[{"key":"PLACES_KEY","projectId":"studio-7004719050-b856d","secret":"PLACES_KEY","version":"1"}],"maxInstanceRequestConcurrency":80,"availableCpu":"1"},"state":"FAILED","labels":{"firebase-functions-hash":"2f73929d7c7017063b3d33241b81442010ac9eae"},"stateMessages":[{"severity":"ERROR","type":"CloudRunServiceNotFound","message":"Cloud Run service projects/studio-7004719050-b856d/locations/us-central1/services/migratevendorphotos for the function was not found. The function will not work correctly. Please redeploy."}],"environment":"GEN_2","url":"https://us-central1-studio-7004719050-b856d.cloudfunctions.net/migrateVendorPhotos","satisfiesPzi":true},"stages":[{"name":"BUILD","message":"Build in progress","state":"IN_PROGRESS","resource":"projects/749480647588/locations/us-central1/builds/05e7697c-25c4-4aa2-b3af-413ef468b700","resourceUri":"https://console.cloud.google.com/cloud-build/builds;region=us-central1/05e7697c-25c4-4aa2-b3af-413ef468b700?project=749480647588"},{"name":"SERVICE","state":"NOT_STARTED"}],"operationType":"UPDATE_FUNCTION","buildName":"projects/749480647588/locations/us-central1/builds/05e7697c-25c4-4aa2-b3af-413ef468b700"},"done":false}
[debug] [2026-01-02T14:29:18.918Z] [update-default-us-central1-migrateVendorPhotos] Retrying task index 0
[debug] [2026-01-02T14:29:18.919Z] No OAuth tokens found
[debug] [2026-01-02T14:29:18.919Z] No OAuth tokens found
[debug] [2026-01-02T14:29:18.919Z] > command requires scopes: ["email","openid","https://www.googleapis.com/auth/cloudplatformprojects.readonly","https://www.googleapis.com/auth/firebase","https://www.googleapis.com/auth/cloud-platform","https://www.googleapis.com/auth/userinfo.email"]
[debug] [2026-01-02T14:29:18.920Z] > authorizing via signed-in user (zippsuperapp@gmail.com)
[debug] [2026-01-02T14:29:18.920Z] >>> [apiv2][query] GET https://cloudfunctions.googleapis.com/v2/projects/studio-7004719050-b856d/locations/us-central1/operations/operation-1767364146803-647688828b3c2-5779f325-b50907d4 [none]
[debug] [2026-01-02T14:29:19.866Z] <<< [apiv2][status] GET https://cloudfunctions.googleapis.com/v2/projects/studio-7004719050-b856d/locations/us-central1/operations/operation-1767364146803-647688828b3c2-5779f325-b50907d4 200
[debug] [2026-01-02T14:29:19.868Z] <<< [apiv2][body] GET https://cloudfunctions.googleapis.com/v2/projects/studio-7004719050-b856d/locations/us-central1/operations/operation-1767364146803-647688828b3c2-5779f325-b50907d4 {"name":"projects/studio-7004719050-b856d/locations/us-central1/operations/operation-1767364146803-647688828b3c2-5779f325-b50907d4","metadata":{"@type":"type.googleapis.com/google.cloud.functions.v2.OperationMetadata","createTime":"2026-01-02T14:29:07.352715096Z","target":"projects/studio-7004719050-b856d/locations/us-central1/functions/migrateVendorPhotos","verb":"update","cancelRequested":false,"apiVersion":"v2","requestResource":{"@type":"type.googleapis.com/google.cloud.functions.v2.Function","name":"projects/studio-7004719050-b856d/locations/us-central1/functions/migrateVendorPhotos","buildConfig":{"runtime":"nodejs20","entryPoint":"migrateVendorPhotos","source":{"storageSource":{"bucket":"gcf-v2-sources-749480647588-us-central1","object":"migrateVendorPhotos/function-source.zip","generation":"1767364147314086"}},"environmentVariables":{"GOOGLE_NODE_RUN_SCRIPTS":""},"dockerRepository":"projects/studio-7004719050-b856d/locations/us-central1/repositories/gcf-artifacts","sourceProvenance":{"resolvedStorageSource":{"bucket":"gcf-v2-sources-749480647588-us-central1","object":"migrateVendorPhotos/function-source.zip","generation":"1767363951874501"}},"dockerRegistry":"ARTIFACT_REGISTRY","serviceAccount":"projects/studio-7004719050-b856d/serviceAccounts/749480647588-compute@developer.gserviceaccount.com","automaticUpdatePolicy":{}},"serviceConfig":{"service":"projects/studio-7004719050-b856d/locations/us-central1/services/migratevendorphotos","timeoutSeconds":540,"environmentVariables":{"FIREBASE_CONFIG":"{\"projectId\":\"studio-7004719050-b856d\",\"storageBucket\":\"studio-7004719050-b856d.firebasestorage.app\"}","GCLOUD_PROJECT":"studio-7004719050-b856d","EVENTARC_CLOUD_EVENT_SOURCE":"projects/studio-7004719050-b856d/locations/us-central1/services/migrateVendorPhotos","FUNCTION_TARGET":"migrateVendorPhotos","LOG_EXECUTION_ID":"true"},"ingressSettings":"ALLOW_ALL","serviceAccountEmail":"749480647588-compute@developer.gserviceaccount.com","availableMemory":"256Mi","secretEnvironmentVariables":[{"key":"PLACES_KEY","projectId":"studio-7004719050-b856d","secret":"PLACES_KEY","version":"1"}],"maxInstanceRequestConcurrency":80,"availableCpu":"1"},"state":"FAILED","labels":{"firebase-functions-hash":"2f73929d7c7017063b3d33241b81442010ac9eae"},"stateMessages":[{"severity":"ERROR","type":"CloudRunServiceNotFound","message":"Cloud Run service projects/studio-7004719050-b856d/locations/us-central1/services/migratevendorphotos for the function was not found. The function will not work correctly. Please redeploy."}],"environment":"GEN_2","url":"https://us-central1-studio-7004719050-b856d.cloudfunctions.net/migrateVendorPhotos","satisfiesPzi":true},"stages":[{"name":"BUILD","message":"Build in progress","state":"IN_PROGRESS","resource":"projects/749480647588/locations/us-central1/builds/05e7697c-25c4-4aa2-b3af-413ef468b700","resourceUri":"https://console.cloud.google.com/cloud-build/builds;region=us-central1/05e7697c-25c4-4aa2-b3af-413ef468b700?project=749480647588"},{"name":"SERVICE","state":"NOT_STARTED"}],"operationType":"UPDATE_FUNCTION","buildName":"projects/749480647588/locations/us-central1/builds/05e7697c-25c4-4aa2-b3af-413ef468b700"},"done":false}
[debug] [2026-01-02T14:29:27.872Z] [update-default-us-central1-migrateVendorPhotos] Retrying task index 0
[debug] [2026-01-02T14:29:27.873Z] No OAuth tokens found
[debug] [2026-01-02T14:29:27.873Z] No OAuth tokens found
[debug] [2026-01-02T14:29:27.873Z] > command requires scopes: ["email","openid","https://www.googleapis.com/auth/cloudplatformprojects.readonly","https://www.googleapis.com/auth/firebase","https://www.googleapis.com/auth/cloud-platform","https://www.googleapis.com/auth/userinfo.email"]
[debug] [2026-01-02T14:29:27.873Z] > authorizing via signed-in user (zippsuperapp@gmail.com)
[debug] [2026-01-02T14:29:27.873Z] >>> [apiv2][query] GET https://cloudfunctions.googleapis.com/v2/projects/studio-7004719050-b856d/locations/us-central1/operations/operation-1767364146803-647688828b3c2-5779f325-b50907d4 [none]
[debug] [2026-01-02T14:29:28.812Z] <<< [apiv2][status] GET https://cloudfunctions.googleapis.com/v2/projects/studio-7004719050-b856d/locations/us-central1/operations/operation-1767364146803-647688828b3c2-5779f325-b50907d4 200
[debug] [2026-01-02T14:29:28.813Z] <<< [apiv2][body] GET https://cloudfunctions.googleapis.com/v2/projects/studio-7004719050-b856d/locations/us-central1/operations/operation-1767364146803-647688828b3c2-5779f325-b50907d4 {"name":"projects/studio-7004719050-b856d/locations/us-central1/operations/operation-1767364146803-647688828b3c2-5779f325-b50907d4","metadata":{"@type":"type.googleapis.com/google.cloud.functions.v2.OperationMetadata","createTime":"2026-01-02T14:29:07.352715096Z","target":"projects/studio-7004719050-b856d/locations/us-central1/functions/migrateVendorPhotos","verb":"update","cancelRequested":false,"apiVersion":"v2","requestResource":{"@type":"type.googleapis.com/google.cloud.functions.v2.Function","name":"projects/studio-7004719050-b856d/locations/us-central1/functions/migrateVendorPhotos","buildConfig":{"runtime":"nodejs20","entryPoint":"migrateVendorPhotos","source":{"storageSource":{"bucket":"gcf-v2-sources-749480647588-us-central1","object":"migrateVendorPhotos/function-source.zip","generation":"1767364147314086"}},"environmentVariables":{"GOOGLE_NODE_RUN_SCRIPTS":""},"dockerRepository":"projects/studio-7004719050-b856d/locations/us-central1/repositories/gcf-artifacts","sourceProvenance":{"resolvedStorageSource":{"bucket":"gcf-v2-sources-749480647588-us-central1","object":"migrateVendorPhotos/function-source.zip","generation":"1767363951874501"}},"dockerRegistry":"ARTIFACT_REGISTRY","serviceAccount":"projects/studio-7004719050-b856d/serviceAccounts/749480647588-compute@developer.gserviceaccount.com","automaticUpdatePolicy":{}},"serviceConfig":{"service":"projects/studio-7004719050-b856d/locations/us-central1/services/migratevendorphotos","timeoutSeconds":540,"environmentVariables":{"FIREBASE_CONFIG":"{\"projectId\":\"studio-7004719050-b856d\",\"storageBucket\":\"studio-7004719050-b856d.firebasestorage.app\"}","GCLOUD_PROJECT":"studio-7004719050-b856d","EVENTARC_CLOUD_EVENT_SOURCE":"projects/studio-7004719050-b856d/locations/us-central1/services/migrateVendorPhotos","FUNCTION_TARGET":"migrateVendorPhotos","LOG_EXECUTION_ID":"true"},"ingressSettings":"ALLOW_ALL","serviceAccountEmail":"749480647588-compute@developer.gserviceaccount.com","availableMemory":"256Mi","secretEnvironmentVariables":[{"key":"PLACES_KEY","projectId":"studio-7004719050-b856d","secret":"PLACES_KEY","version":"1"}],"maxInstanceRequestConcurrency":80,"availableCpu":"1"},"state":"FAILED","labels":{"firebase-functions-hash":"2f73929d7c7017063b3d33241b81442010ac9eae"},"stateMessages":[{"severity":"ERROR","type":"CloudRunServiceNotFound","message":"Cloud Run service projects/studio-7004719050-b856d/locations/us-central1/services/migratevendorphotos for the function was not found. The function will not work correctly. Please redeploy."}],"environment":"GEN_2","url":"https://us-central1-studio-7004719050-b856d.cloudfunctions.net/migrateVendorPhotos","satisfiesPzi":true},"stages":[{"name":"BUILD","message":"Build in progress","state":"IN_PROGRESS","resource":"projects/749480647588/locations/us-central1/builds/05e7697c-25c4-4aa2-b3af-413ef468b700","resourceUri":"https://console.cloud.google.com/cloud-build/builds;region=us-central1/05e7697c-25c4-4aa2-b3af-413ef468b700?project=749480647588"},{"name":"SERVICE","state":"NOT_STARTED"}],"operationType":"UPDATE_FUNCTION","buildName":"projects/749480647588/locations/us-central1/builds/05e7697c-25c4-4aa2-b3af-413ef468b700"},"done":false}
[debug] [2026-01-02T14:29:38.820Z] [update-default-us-central1-migrateVendorPhotos] Retrying task index 0
[debug] [2026-01-02T14:29:38.822Z] No OAuth tokens found
[debug] [2026-01-02T14:29:38.824Z] No OAuth tokens found
[debug] [2026-01-02T14:29:38.825Z] > command requires scopes: ["email","openid","https://www.googleapis.com/auth/cloudplatformprojects.readonly","https://www.googleapis.com/auth/firebase","https://www.googleapis.com/auth/cloud-platform","https://www.googleapis.com/auth/userinfo.email"]
[debug] [2026-01-02T14:29:38.825Z] > authorizing via signed-in user (zippsuperapp@gmail.com)
[debug] [2026-01-02T14:29:38.825Z] >>> [apiv2][query] GET https://cloudfunctions.googleapis.com/v2/projects/studio-7004719050-b856d/locations/us-central1/operations/operation-1767364146803-647688828b3c2-5779f325-b50907d4 [none]
[debug] [2026-01-02T14:29:39.785Z] <<< [apiv2][status] GET https://cloudfunctions.googleapis.com/v2/projects/studio-7004719050-b856d/locations/us-central1/operations/operation-1767364146803-647688828b3c2-5779f325-b50907d4 200
[debug] [2026-01-02T14:29:39.785Z] <<< [apiv2][body] GET https://cloudfunctions.googleapis.com/v2/projects/studio-7004719050-b856d/locations/us-central1/operations/operation-1767364146803-647688828b3c2-5779f325-b50907d4 {"name":"projects/studio-7004719050-b856d/locations/us-central1/operations/operation-1767364146803-647688828b3c2-5779f325-b50907d4","metadata":{"@type":"type.googleapis.com/google.cloud.functions.v2.OperationMetadata","createTime":"2026-01-02T14:29:07.352715096Z","target":"projects/studio-7004719050-b856d/locations/us-central1/functions/migrateVendorPhotos","verb":"update","cancelRequested":false,"apiVersion":"v2","requestResource":{"@type":"type.googleapis.com/google.cloud.functions.v2.Function","name":"projects/studio-7004719050-b856d/locations/us-central1/functions/migrateVendorPhotos","buildConfig":{"runtime":"nodejs20","entryPoint":"migrateVendorPhotos","source":{"storageSource":{"bucket":"gcf-v2-sources-749480647588-us-central1","object":"migrateVendorPhotos/function-source.zip","generation":"1767364147314086"}},"environmentVariables":{"GOOGLE_NODE_RUN_SCRIPTS":""},"dockerRepository":"projects/studio-7004719050-b856d/locations/us-central1/repositories/gcf-artifacts","sourceProvenance":{"resolvedStorageSource":{"bucket":"gcf-v2-sources-749480647588-us-central1","object":"migrateVendorPhotos/function-source.zip","generation":"1767363951874501"}},"dockerRegistry":"ARTIFACT_REGISTRY","serviceAccount":"projects/studio-7004719050-b856d/serviceAccounts/749480647588-compute@developer.gserviceaccount.com","automaticUpdatePolicy":{}},"serviceConfig":{"service":"projects/studio-7004719050-b856d/locations/us-central1/services/migratevendorphotos","timeoutSeconds":540,"environmentVariables":{"FIREBASE_CONFIG":"{\"projectId\":\"studio-7004719050-b856d\",\"storageBucket\":\"studio-7004719050-b856d.firebasestorage.app\"}","GCLOUD_PROJECT":"studio-7004719050-b856d","EVENTARC_CLOUD_EVENT_SOURCE":"projects/studio-7004719050-b856d/locations/us-central1/services/migrateVendorPhotos","FUNCTION_TARGET":"migrateVendorPhotos","LOG_EXECUTION_ID":"true"},"ingressSettings":"ALLOW_ALL","serviceAccountEmail":"749480647588-compute@developer.gserviceaccount.com","availableMemory":"256Mi","secretEnvironmentVariables":[{"key":"PLACES_KEY","projectId":"studio-7004719050-b856d","secret":"PLACES_KEY","version":"1"}],"maxInstanceRequestConcurrency":80,"availableCpu":"1"},"state":"FAILED","labels":{"firebase-functions-hash":"2f73929d7c7017063b3d33241b81442010ac9eae"},"stateMessages":[{"severity":"ERROR","type":"CloudRunServiceNotFound","message":"Cloud Run service projects/studio-7004719050-b856d/locations/us-central1/services/migratevendorphotos for the function was not found. The function will not work correctly. Please redeploy."}],"environment":"GEN_2","url":"https://us-central1-studio-7004719050-b856d.cloudfunctions.net/migrateVendorPhotos","satisfiesPzi":true},"stages":[{"name":"BUILD","message":"Build in progress","state":"IN_PROGRESS","resource":"projects/749480647588/locations/us-central1/builds/05e7697c-25c4-4aa2-b3af-413ef468b700","resourceUri":"https://console.cloud.google.com/cloud-build/builds;region=us-central1/05e7697c-25c4-4aa2-b3af-413ef468b700?project=749480647588"},{"name":"SERVICE","state":"NOT_STARTED"}],"operationType":"UPDATE_FUNCTION","buildName":"projects/749480647588/locations/us-central1/builds/05e7697c-25c4-4aa2-b3af-413ef468b700"},"done":false}
[debug] [2026-01-02T14:29:49.792Z] [update-default-us-central1-migrateVendorPhotos] Retrying task index 0
[debug] [2026-01-02T14:29:49.793Z] No OAuth tokens found
[debug] [2026-01-02T14:29:49.793Z] No OAuth tokens found
[debug] [2026-01-02T14:29:49.793Z] > command requires scopes: ["email","openid","https://www.googleapis.com/auth/cloudplatformprojects.readonly","https://www.googleapis.com/auth/firebase","https://www.googleapis.com/auth/cloud-platform","https://www.googleapis.com/auth/userinfo.email"]
[debug] [2026-01-02T14:29:49.793Z] > authorizing via signed-in user (zippsuperapp@gmail.com)
[debug] [2026-01-02T14:29:49.795Z] >>> [apiv2][query] GET https://cloudfunctions.googleapis.com/v2/projects/studio-7004719050-b856d/locations/us-central1/operations/operation-1767364146803-647688828b3c2-5779f325-b50907d4 [none]
[debug] [2026-01-02T14:29:50.756Z] <<< [apiv2][status] GET https://cloudfunctions.googleapis.com/v2/projects/studio-7004719050-b856d/locations/us-central1/operations/operation-1767364146803-647688828b3c2-5779f325-b50907d4 200
[debug] [2026-01-02T14:29:50.758Z] <<< [apiv2][body] GET https://cloudfunctions.googleapis.com/v2/projects/studio-7004719050-b856d/locations/us-central1/operations/operation-1767364146803-647688828b3c2-5779f325-b50907d4 {"name":"projects/studio-7004719050-b856d/locations/us-central1/operations/operation-1767364146803-647688828b3c2-5779f325-b50907d4","metadata":{"@type":"type.googleapis.com/google.cloud.functions.v2.OperationMetadata","createTime":"2026-01-02T14:29:07.352715096Z","target":"projects/studio-7004719050-b856d/locations/us-central1/functions/migrateVendorPhotos","verb":"update","cancelRequested":false,"apiVersion":"v2","requestResource":{"@type":"type.googleapis.com/google.cloud.functions.v2.Function","name":"projects/studio-7004719050-b856d/locations/us-central1/functions/migrateVendorPhotos","buildConfig":{"runtime":"nodejs20","entryPoint":"migrateVendorPhotos","source":{"storageSource":{"bucket":"gcf-v2-sources-749480647588-us-central1","object":"migrateVendorPhotos/function-source.zip","generation":"1767364147314086"}},"environmentVariables":{"GOOGLE_NODE_RUN_SCRIPTS":""},"dockerRepository":"projects/studio-7004719050-b856d/locations/us-central1/repositories/gcf-artifacts","sourceProvenance":{"resolvedStorageSource":{"bucket":"gcf-v2-sources-749480647588-us-central1","object":"migrateVendorPhotos/function-source.zip","generation":"1767363951874501"}},"dockerRegistry":"ARTIFACT_REGISTRY","serviceAccount":"projects/studio-7004719050-b856d/serviceAccounts/749480647588-compute@developer.gserviceaccount.com","automaticUpdatePolicy":{}},"serviceConfig":{"service":"projects/studio-7004719050-b856d/locations/us-central1/services/migratevendorphotos","timeoutSeconds":540,"environmentVariables":{"FIREBASE_CONFIG":"{\"projectId\":\"studio-7004719050-b856d\",\"storageBucket\":\"studio-7004719050-b856d.firebasestorage.app\"}","GCLOUD_PROJECT":"studio-7004719050-b856d","EVENTARC_CLOUD_EVENT_SOURCE":"projects/studio-7004719050-b856d/locations/us-central1/services/migrateVendorPhotos","FUNCTION_TARGET":"migrateVendorPhotos","LOG_EXECUTION_ID":"true"},"ingressSettings":"ALLOW_ALL","serviceAccountEmail":"749480647588-compute@developer.gserviceaccount.com","availableMemory":"256Mi","secretEnvironmentVariables":[{"key":"PLACES_KEY","projectId":"studio-7004719050-b856d","secret":"PLACES_KEY","version":"1"}],"maxInstanceRequestConcurrency":80,"availableCpu":"1"},"state":"FAILED","labels":{"firebase-functions-hash":"2f73929d7c7017063b3d33241b81442010ac9eae"},"stateMessages":[{"severity":"ERROR","type":"CloudRunServiceNotFound","message":"Cloud Run service projects/studio-7004719050-b856d/locations/us-central1/services/migratevendorphotos for the function was not found. The function will not work correctly. Please redeploy."}],"environment":"GEN_2","url":"https://us-central1-studio-7004719050-b856d.cloudfunctions.net/migrateVendorPhotos","satisfiesPzi":true},"stages":[{"name":"BUILD","message":"Build in progress","state":"IN_PROGRESS","resource":"projects/749480647588/locations/us-central1/builds/05e7697c-25c4-4aa2-b3af-413ef468b700","resourceUri":"https://console.cloud.google.com/cloud-build/builds;region=us-central1/05e7697c-25c4-4aa2-b3af-413ef468b700?project=749480647588"},{"name":"SERVICE","state":"NOT_STARTED"}],"operationType":"UPDATE_FUNCTION","buildName":"projects/749480647588/locations/us-central1/builds/05e7697c-25c4-4aa2-b3af-413ef468b700"},"done":false}
[debug] [2026-01-02T14:30:00.765Z] [update-default-us-central1-migrateVendorPhotos] Retrying task index 0
[debug] [2026-01-02T14:30:00.766Z] No OAuth tokens found
[debug] [2026-01-02T14:30:00.766Z] No OAuth tokens found
[debug] [2026-01-02T14:30:00.766Z] > command requires scopes: ["email","openid","https://www.googleapis.com/auth/cloudplatformprojects.readonly","https://www.googleapis.com/auth/firebase","https://www.googleapis.com/auth/cloud-platform","https://www.googleapis.com/auth/userinfo.email"]
[debug] [2026-01-02T14:30:00.767Z] > authorizing via signed-in user (zippsuperapp@gmail.com)
[debug] [2026-01-02T14:30:00.767Z] >>> [apiv2][query] GET https://cloudfunctions.googleapis.com/v2/projects/studio-7004719050-b856d/locations/us-central1/operations/operation-1767364146803-647688828b3c2-5779f325-b50907d4 [none]
[debug] [2026-01-02T14:30:00.974Z] <<< [apiv2][status] GET https://cloudfunctions.googleapis.com/v2/projects/studio-7004719050-b856d/locations/us-central1/operations/operation-1767364146803-647688828b3c2-5779f325-b50907d4 200
[debug] [2026-01-02T14:30:00.974Z] <<< [apiv2][body] GET https://cloudfunctions.googleapis.com/v2/projects/studio-7004719050-b856d/locations/us-central1/operations/operation-1767364146803-647688828b3c2-5779f325-b50907d4 {"name":"projects/studio-7004719050-b856d/locations/us-central1/operations/operation-1767364146803-647688828b3c2-5779f325-b50907d4","metadata":{"@type":"type.googleapis.com/google.cloud.functions.v2.OperationMetadata","createTime":"2026-01-02T14:29:07.352715096Z","endTime":"2026-01-02T14:29:58.607431858Z","target":"projects/studio-7004719050-b856d/locations/us-central1/functions/migrateVendorPhotos","verb":"update","cancelRequested":false,"apiVersion":"v2","requestResource":{"@type":"type.googleapis.com/google.cloud.functions.v2.Function","name":"projects/studio-7004719050-b856d/locations/us-central1/functions/migrateVendorPhotos","buildConfig":{"runtime":"nodejs20","entryPoint":"migrateVendorPhotos","source":{"storageSource":{"bucket":"gcf-v2-sources-749480647588-us-central1","object":"migrateVendorPhotos/function-source.zip","generation":"1767364147314086"}},"environmentVariables":{"GOOGLE_NODE_RUN_SCRIPTS":""},"dockerRepository":"projects/studio-7004719050-b856d/locations/us-central1/repositories/gcf-artifacts","sourceProvenance":{"resolvedStorageSource":{"bucket":"gcf-v2-sources-749480647588-us-central1","object":"migrateVendorPhotos/function-source.zip","generation":"1767363951874501"}},"dockerRegistry":"ARTIFACT_REGISTRY","serviceAccount":"projects/studio-7004719050-b856d/serviceAccounts/749480647588-compute@developer.gserviceaccount.com","automaticUpdatePolicy":{}},"serviceConfig":{"service":"projects/studio-7004719050-b856d/locations/us-central1/services/migratevendorphotos","timeoutSeconds":540,"environmentVariables":{"FIREBASE_CONFIG":"{\"projectId\":\"studio-7004719050-b856d\",\"storageBucket\":\"studio-7004719050-b856d.firebasestorage.app\"}","GCLOUD_PROJECT":"studio-7004719050-b856d","EVENTARC_CLOUD_EVENT_SOURCE":"projects/studio-7004719050-b856d/locations/us-central1/services/migrateVendorPhotos","FUNCTION_TARGET":"migrateVendorPhotos","LOG_EXECUTION_ID":"true"},"ingressSettings":"ALLOW_ALL","serviceAccountEmail":"749480647588-compute@developer.gserviceaccount.com","availableMemory":"256Mi","secretEnvironmentVariables":[{"key":"PLACES_KEY","projectId":"studio-7004719050-b856d","secret":"PLACES_KEY","version":"1"}],"maxInstanceRequestConcurrency":80,"availableCpu":"1"},"state":"FAILED","labels":{"firebase-functions-hash":"2f73929d7c7017063b3d33241b81442010ac9eae"},"stateMessages":[{"severity":"ERROR","type":"CloudRunServiceNotFound","message":"Cloud Run service projects/studio-7004719050-b856d/locations/us-central1/services/migratevendorphotos for the function was not found. The function will not work correctly. Please redeploy."}],"environment":"GEN_2","url":"https://us-central1-studio-7004719050-b856d.cloudfunctions.net/migrateVendorPhotos","satisfiesPzi":true},"stages":[{"name":"SERVICE","state":"NOT_STARTED"}],"operationType":"UPDATE_FUNCTION"},"done":true,"error":{"code":3,"message":"Build failed with status: FAILURE and message: npm error code EUSAGE\nnpm error\nnpm error `npm ci` can only install packages when your package.json and package-lock.json or npm-shrinkwrap.json are in sync. Please update your lock file with `npm install` before continuing.\nnpm error\nnpm error Invalid: lock file's esbuild@0.27.2 does not satisfy esbuild@0.23.1\nnpm error Invalid: lock file's @esbuild/aix-ppc64@0.27.2 does not satisfy @esbuild/aix-ppc64@0.23.1\nnpm error Invalid: lock file's @esbuild/android-arm@0.27.2 does not satisfy @esbuild/android-arm@0.23.1\nnpm error Invalid: lock file's @esbuild/android-arm64@0.27.2 does not satisfy @esbuild/android-arm64@0.23.1\nnpm error Invalid: lock file's @esbuild/android-x64@0.27.2 does not satisfy @esbuild/android-x64@0.23.1\nnpm error Invalid: lock file's @esbuild/darwin-arm64@0.27.2 does not satisfy @esbuild/darwin-arm64@0.23.1\nnpm error Invalid: lock file's @esbuild/darwin-x64@0.27.2 does not satisfy @esbuild/darwin-x64@0.23.1\nnpm error Invalid: lock file's @esbuild/freebsd-arm64@0.27.2 does not satisfy @esbuild/freebsd-arm64@0.23.1\nnpm error Invalid: lock file's @esbuild/freebsd-x64@0.27.2 does not satisfy @esbuild/freebsd-x64@0.23.1\nnpm error Invalid: lock file's @esbuild/linux-arm@0.27.2 does not satisfy @esbuild/linux-arm@0.23.1\nnpm error Invalid: lock file's @esbuild/linux-arm64@0.27.2 does not satisfy @esbuild/linux-arm64@0.23.1\nnpm error Invalid: lock file's @esbuild/linux-ia32@0.27.2 does not satisfy @esbuild/linux-ia32@0.23.1\nnpm error Invalid: lock file's @esbuild/linux-loong64@0.27.2 does not satisfy @esbuild/linux-loong64@0.23.1\nnpm error Invalid: lock file's @esbuild/linux-mips64el@0.27.2 does not satisfy @esbuild/linux-mips64el@0.23.1\nnpm error Invalid: lock file's @esbuild/linux-ppc64@0.27.2 does not satisfy @esbuild/linux-ppc64@0.23.1\nnpm error Invalid: lock file's @esbuild/linux-riscv64@0.27.2 does not satisfy @esbuild/linux-riscv64@0.23.1\nnpm error Invalid: lock file's @esbuild/linux-s390x@0.27.2 does not satisfy @esbuild/linux-s390x@0.23.1\nnpm error Invalid: lock file's @esbuild/linux-x64@0.27.2 does not satisfy @esbuild/linux-x64@0.23.1\nnpm error Invalid: lock file's @esbuild/netbsd-x64@0.27.2 does not satisfy @esbuild/netbsd-x64@0.23.1\nnpm error Invalid: lock file's @esbuild/openbsd-arm64@0.27.2 does not satisfy @esbuild/openbsd-arm64@0.23.1\nnpm error Invalid: lock file's @esbuild/openbsd-x64@0.27.2 does not satisfy @esbuild/openbsd-x64@0.23.1\nnpm error Invalid: lock file's @esbuild/sunos-x64@0.27.2 does not satisfy @esbuild/sunos-x64@0.23.1\nnpm error Invalid: lock file's @esbuild/win32-arm64@0.27.2 does not satisfy @esbuild/win32-arm64@0.23.1\nnpm error Invalid: lock file's @esbuild/win32-ia32@0.27.2 does not satisfy @esbuild/win32-ia32@0.23.1\nnpm error Invalid: lock file's @esbuild/win32-x64@0.27.2 does not satisfy @esbuild/win32-x64@0.23.1\nnpm error\nnpm error Clean install a project\nnpm error\nnpm error Usage:\nnpm error npm ci\nnpm error\nnpm error Options:\nnpm error [--install-strategy <hoisted|nested|shallow|linked>] [--legacy-bundling]\nnpm error [--global-style] [--omit <dev|optional|peer> [--omit <dev|optional|peer> ...]]\nnpm error [--include <prod|dev|optional|peer> [--include <prod|dev|optional|peer> ...]]\nnpm error [--strict-peer-deps] [--foreground-scripts] [--ignore-scripts] [--no-audit]\nnpm error [--no-bin-links] [--no-fund] [--dry-run]\nnpm error [-w|--workspace <workspace-name> [-w|--workspace <workspace-name> ...]]\nnpm error [-ws|--workspaces] [--include-workspace-root] [--install-links]\nnpm error\nnpm error aliases: clean-install, ic, install-clean, isntall-clean\nnpm error\nnpm error Run \"npm help ci\" for more info\nnpm error A complete log of this run can be found in: /www-data-home/.npm/_logs/2026-01-02T14_29_30_765Z-debug-0.log. For more details see the logs at https://console.cloud.google.com/cloud-build/builds;region=us-central1/05e7697c-25c4-4aa2-b3af-413ef468b700?project=749480647588."}}
[debug] [2026-01-02T14:30:00.974Z] Got source token undefined for region us-central1
[error] Build failed with status: FAILURE and message: npm error code EUSAGE
npm error
npm error `npm ci` can only install packages when your package.json and package-lock.json or npm-shrinkwrap.json are in sync. Please update your lock file with `npm install` before continuing.
npm error
npm error Invalid: lock file's esbuild@0.27.2 does not satisfy esbuild@0.23.1
npm error Invalid: lock file's @esbuild/aix-ppc64@0.27.2 does not satisfy @esbuild/aix-ppc64@0.23.1
npm error Invalid: lock file's @esbuild/android-arm@0.27.2 does not satisfy @esbuild/android-arm@0.23.1
npm error Invalid: lock file's @esbuild/android-arm64@0.27.2 does not satisfy @esbuild/android-arm64@0.23.1
npm error Invalid: lock file's @esbuild/android-x64@0.27.2 does not satisfy @esbuild/android-x64@0.23.1
npm error Invalid: lock file's @esbuild/darwin-arm64@0.27.2 does not satisfy @esbuild/darwin-arm64@0.23.1
npm error Invalid: lock file's @esbuild/darwin-x64@0.27.2 does not satisfy @esbuild/darwin-x64@0.23.1
npm error Invalid: lock file's @esbuild/freebsd-arm64@0.27.2 does not satisfy @esbuild/freebsd-arm64@0.23.1
npm error Invalid: lock file's @esbuild/freebsd-x64@0.27.2 does not satisfy @esbuild/freebsd-x64@0.23.1
npm error Invalid: lock file's @esbuild/linux-arm@0.27.2 does not satisfy @esbuild/linux-arm@0.23.1
npm error Invalid: lock file's @esbuild/linux-arm64@0.27.2 does not satisfy @esbuild/linux-arm64@0.23.1
npm error Invalid: lock file's @esbuild/linux-ia32@0.27.2 does not satisfy @esbuild/linux-ia32@0.23.1
npm error Invalid: lock file's @esbuild/linux-loong64@0.27.2 does not satisfy @esbuild/linux-loong64@0.23.1
npm error Invalid: lock file's @esbuild/linux-mips64el@0.27.2 does not satisfy @esbuild/linux-mips64el@0.23.1
npm error Invalid: lock file's @esbuild/linux-ppc64@0.27.2 does not satisfy @esbuild/linux-ppc64@0.23.1
npm error Invalid: lock file's @esbuild/linux-riscv64@0.27.2 does not satisfy @esbuild/linux-riscv64@0.23.1
npm error Invalid: lock file's @esbuild/linux-s390x@0.27.2 does not satisfy @esbuild/linux-s390x@0.23.1
npm error Invalid: lock file's @esbuild/linux-x64@0.27.2 does not satisfy @esbuild/linux-x64@0.23.1
npm error Invalid: lock file's @esbuild/netbsd-x64@0.27.2 does not satisfy @esbuild/netbsd-x64@0.23.1
npm error Invalid: lock file's @esbuild/openbsd-arm64@0.27.2 does not satisfy @esbuild/openbsd-arm64@0.23.1
npm error Invalid: lock file's @esbuild/openbsd-x64@0.27.2 does not satisfy @esbuild/openbsd-x64@0.23.1
npm error Invalid: lock file's @esbuild/sunos-x64@0.27.2 does not satisfy @esbuild/sunos-x64@0.23.1
npm error Invalid: lock file's @esbuild/win32-arm64@0.27.2 does not satisfy @esbuild/win32-arm64@0.23.1
npm error Invalid: lock file's @esbuild/win32-ia32@0.27.2 does not satisfy @esbuild/win32-ia32@0.23.1
npm error Invalid: lock file's @esbuild/win32-x64@0.27.2 does not satisfy @esbuild/win32-x64@0.23.1
npm error
npm error Clean install a project
npm error
npm error Usage:
npm error npm ci
npm error
npm error Options:
npm error [--install-strategy <hoisted|nested|shallow|linked>] [--legacy-bundling]
npm error [--global-style] [--omit <dev|optional|peer> [--omit <dev|optional|peer> ...]]
npm error [--include <prod|dev|optional|peer> [--include <prod|dev|optional|peer> ...]]
npm error [--strict-peer-deps] [--foreground-scripts] [--ignore-scripts] [--no-audit]
npm error [--no-bin-links] [--no-fund] [--dry-run]
npm error [-w|--workspace <workspace-name> [-w|--workspace <workspace-name> ...]]
npm error [-ws|--workspaces] [--include-workspace-root] [--install-links]
npm error
npm error aliases: clean-install, ic, install-clean, isntall-clean
npm error
npm error Run "npm help ci" for more info
npm error A complete log of this run can be found in: /www-data-home/.npm/_logs/2026-01-02T14_29_30_765Z-debug-0.log. For more details see the logs at https://console.cloud.google.com/cloud-build/builds;region=us-central1/05e7697c-25c4-4aa2-b3af-413ef468b700?project=749480647588.
[debug] [2026-01-02T14:30:00.978Z] Total Function Deployment time: 55123
[debug] [2026-01-02T14:30:00.979Z] 1 Functions Deployed
[debug] [2026-01-02T14:30:00.979Z] 1 Functions Errored
[debug] [2026-01-02T14:30:00.979Z] 0 Function Deployments Aborted
[debug] [2026-01-02T14:30:00.979Z] Average Function Deployment time: 55117
[info] 
[info] Functions deploy had errors with the following functions:
	migrateVendorPhotos(us-central1)
[debug] [2026-01-02T14:30:00.984Z] Not printing URL for HTTPS function. Typically this means it didn't match a filter or we failed deployment
[debug] [2026-01-02T14:30:00.984Z] Not printing URL for HTTPS function. Typically this means it didn't match a filter or we failed deployment
[debug] [2026-01-02T14:30:00.984Z] Not printing URL for HTTPS function. Typically this means it didn't match a filter or we failed deployment
[debug] [2026-01-02T14:30:00.985Z] No OAuth tokens found
[debug] [2026-01-02T14:30:00.985Z] No OAuth tokens found
[debug] [2026-01-02T14:30:00.986Z] > command requires scopes: ["email","openid","https://www.googleapis.com/auth/cloudplatformprojects.readonly","https://www.googleapis.com/auth/firebase","https://www.googleapis.com/auth/cloud-platform","https://www.googleapis.com/auth/userinfo.email"]
[debug] [2026-01-02T14:30:00.986Z] > authorizing via signed-in user (zippsuperapp@gmail.com)
[debug] [2026-01-02T14:30:00.989Z] >>> [apiv2][query] GET https://artifactregistry.googleapis.com/v1/projects/studio-7004719050-b856d/locations/us-central1/repositories/gcf-artifacts [none]
[debug] [2026-01-02T14:30:02.071Z] <<< [apiv2][status] GET https://artifactregistry.googleapis.com/v1/projects/studio-7004719050-b856d/locations/us-central1/repositories/gcf-artifacts 200
[debug] [2026-01-02T14:30:02.071Z] <<< [apiv2][body] GET https://artifactregistry.googleapis.com/v1/projects/studio-7004719050-b856d/locations/us-central1/repositories/gcf-artifacts {"name":"projects/studio-7004719050-b856d/locations/us-central1/repositories/gcf-artifacts","format":"DOCKER","description":"This repository is created and used by Cloud Functions for storing function docker images.","labels":{"goog-managed-by":"cloudfunctions"},"createTime":"2026-01-01T02:52:48.672086Z","updateTime":"2026-01-02T05:05:06.443474Z","mode":"STANDARD_REPOSITORY","cleanupPolicies":{"firebase-functions-cleanup":{"id":"firebase-functions-cleanup","action":"DELETE","condition":{"tagState":"ANY","olderThan":"2592000s"}}},"sizeBytes":"500335959","vulnerabilityScanningConfig":{"lastEnableTime":"2026-01-01T02:52:36.690610013Z","enablementState":"SCANNING_DISABLED","enablementStateReason":"API containerscanning.googleapis.com is not enabled."},"satisfiesPzi":true,"registryUri":"us-central1-docker.pkg.dev/studio-7004719050-b856d/gcf-artifacts"}
[debug] [2026-01-02T14:30:02.071Z] Functions deploy failed.
[debug] [2026-01-02T14:30:02.072Z] {
  "endpoint": {
    "id": "migrateVendorPhotos",
    "project": "studio-7004719050-b856d",
    "region": "us-central1",
    "entryPoint": "migrateVendorPhotos",
    "platform": "gcfv2",
    "runtime": "nodejs20",
    "httpsTrigger": {},
    "labels": {
      "deployment-tool": "cli-firebase--project-idx"
    },
    "secretEnvironmentVariables": [
      {
        "key": "PLACES_KEY",
        "secret": "PLACES_KEY",
        "projectId": "studio-7004719050-b856d",
        "version": "1"
      }
    ],
    "serviceAccount": null,
    "ingressSettings": null,
    "availableMemoryMb": null,
    "timeoutSeconds": 540,
    "maxInstances": null,
    "minInstances": null,
    "concurrency": 80,
    "vpc": null,
    "environmentVariables": {
      "FIREBASE_CONFIG": "{\"projectId\":\"studio-7004719050-b856d\",\"storageBucket\":\"studio-7004719050-b856d.firebasestorage.app\"}",
      "GCLOUD_PROJECT": "studio-7004719050-b856d",
      "EVENTARC_CLOUD_EVENT_SOURCE": "projects/studio-7004719050-b856d/locations/us-central1/services/migrateVendorPhotos"
    },
    "codebase": "default",
    "securityLevel": "SECURE_ALWAYS",
    "cpu": 1,
    "targetedByOnly": false,
    "hash": "2f73929d7c7017063b3d33241b81442010ac9eae"
  },
  "op": "update",
  "original": {
    "name": "FirebaseError",
    "children": [],
    "exit": 1,
    "message": "Build failed with status: FAILURE and message: npm error code EUSAGE\nnpm error\nnpm error `npm ci` can only install packages when your package.json and package-lock.json or npm-shrinkwrap.json are in sync. Please update your lock file with `npm install` before continuing.\nnpm error\nnpm error Invalid: lock file's esbuild@0.27.2 does not satisfy esbuild@0.23.1\nnpm error Invalid: lock file's @esbuild/aix-ppc64@0.27.2 does not satisfy @esbuild/aix-ppc64@0.23.1\nnpm error Invalid: lock file's @esbuild/android-arm@0.27.2 does not satisfy @esbuild/android-arm@0.23.1\nnpm error Invalid: lock file's @esbuild/android-arm64@0.27.2 does not satisfy @esbuild/android-arm64@0.23.1\nnpm error Invalid: lock file's @esbuild/android-x64@0.27.2 does not satisfy @esbuild/android-x64@0.23.1\nnpm error Invalid: lock file's @esbuild/darwin-arm64@0.27.2 does not satisfy @esbuild/darwin-arm64@0.23.1\nnpm error Invalid: lock file's @esbuild/darwin-x64@0.27.2 does not satisfy @esbuild/darwin-x64@0.23.1\nnpm error Invalid: lock file's @esbuild/freebsd-arm64@0.27.2 does not satisfy @esbuild/freebsd-arm64@0.23.1\nnpm error Invalid: lock file's @esbuild/freebsd-x64@0.27.2 does not satisfy @esbuild/freebsd-x64@0.23.1\nnpm error Invalid: lock file's @esbuild/linux-arm@0.27.2 does not satisfy @esbuild/linux-arm@0.23.1\nnpm error Invalid: lock file's @esbuild/linux-arm64@0.27.2 does not satisfy @esbuild/linux-arm64@0.23.1\nnpm error Invalid: lock file's @esbuild/linux-ia32@0.27.2 does not satisfy @esbuild/linux-ia32@0.23.1\nnpm error Invalid: lock file's @esbuild/linux-loong64@0.27.2 does not satisfy @esbuild/linux-loong64@0.23.1\nnpm error Invalid: lock file's @esbuild/linux-mips64el@0.27.2 does not satisfy @esbuild/linux-mips64el@0.23.1\nnpm error Invalid: lock file's @esbuild/linux-ppc64@0.27.2 does not satisfy @esbuild/linux-ppc64@0.23.1\nnpm error Invalid: lock file's @esbuild/linux-riscv64@0.27.2 does not satisfy @esbuild/linux-riscv64@0.23.1\nnpm error Invalid: lock file's @esbuild/linux-s390x@0.27.2 does not satisfy @esbuild/linux-s390x@0.23.1\nnpm error Invalid: lock file's @esbuild/linux-x64@0.27.2 does not satisfy @esbuild/linux-x64@0.23.1\nnpm error Invalid: lock file's @esbuild/netbsd-x64@0.27.2 does not satisfy @esbuild/netbsd-x64@0.23.1\nnpm error Invalid: lock file's @esbuild/openbsd-arm64@0.27.2 does not satisfy @esbuild/openbsd-arm64@0.23.1\nnpm error Invalid: lock file's @esbuild/openbsd-x64@0.27.2 does not satisfy @esbuild/openbsd-x64@0.23.1\nnpm error Invalid: lock file's @esbuild/sunos-x64@0.27.2 does not satisfy @esbuild/sunos-x64@0.23.1\nnpm error Invalid: lock file's @esbuild/win32-arm64@0.27.2 does not satisfy @esbuild/win32-arm64@0.23.1\nnpm error Invalid: lock file's @esbuild/win32-ia32@0.27.2 does not satisfy @esbuild/win32-ia32@0.23.1\nnpm error Invalid: lock file's @esbuild/win32-x64@0.27.2 does not satisfy @esbuild/win32-x64@0.23.1\nnpm error\nnpm error Clean install a project\nnpm error\nnpm error Usage:\nnpm error npm ci\nnpm error\nnpm error Options:\nnpm error [--install-strategy <hoisted|nested|shallow|linked>] [--legacy-bundling]\nnpm error [--global-style] [--omit <dev|optional|peer> [--omit <dev|optional|peer> ...]]\nnpm error [--include <prod|dev|optional|peer> [--include <prod|dev|optional|peer> ...]]\nnpm error [--strict-peer-deps] [--foreground-scripts] [--ignore-scripts] [--no-audit]\nnpm error [--no-bin-links] [--no-fund] [--dry-run]\nnpm error [-w|--workspace <workspace-name> [-w|--workspace <workspace-name> ...]]\nnpm error [-ws|--workspaces] [--include-workspace-root] [--install-links]\nnpm error\nnpm error aliases: clean-install, ic, install-clean, isntall-clean\nnpm error\nnpm error Run \"npm help ci\" for more info\nnpm error A complete log of this run can be found in: /www-data-home/.npm/_logs/2026-01-02T14_29_30_765Z-debug-0.log. For more details see the logs at https://console.cloud.google.com/cloud-build/builds;region=us-central1/05e7697c-25c4-4aa2-b3af-413ef468b700?project=749480647588.",
    "original": {
      "code": 3,
      "message": "Build failed with status: FAILURE and message: npm error code EUSAGE\nnpm error\nnpm error `npm ci` can only install packages when your package.json and package-lock.json or npm-shrinkwrap.json are in sync. Please update your lock file with `npm install` before continuing.\nnpm error\nnpm error Invalid: lock file's esbuild@0.27.2 does not satisfy esbuild@0.23.1\nnpm error Invalid: lock file's @esbuild/aix-ppc64@0.27.2 does not satisfy @esbuild/aix-ppc64@0.23.1\nnpm error Invalid: lock file's @esbuild/android-arm@0.27.2 does not satisfy @esbuild/android-arm@0.23.1\nnpm error Invalid: lock file's @esbuild/android-arm64@0.27.2 does not satisfy @esbuild/android-arm64@0.23.1\nnpm error Invalid: lock file's @esbuild/android-x64@0.27.2 does not satisfy @esbuild/android-x64@0.23.1\nnpm error Invalid: lock file's @esbuild/darwin-arm64@0.27.2 does not satisfy @esbuild/darwin-arm64@0.23.1\nnpm error Invalid: lock file's @esbuild/darwin-x64@0.27.2 does not satisfy @esbuild/darwin-x64@0.23.1\nnpm error Invalid: lock file's @esbuild/freebsd-arm64@0.27.2 does not satisfy @esbuild/freebsd-arm64@0.23.1\nnpm error Invalid: lock file's @esbuild/freebsd-x64@0.27.2 does not satisfy @esbuild/freebsd-x64@0.23.1\nnpm error Invalid: lock file's @esbuild/linux-arm@0.27.2 does not satisfy @esbuild/linux-arm@0.23.1\nnpm error Invalid: lock file's @esbuild/linux-arm64@0.27.2 does not satisfy @esbuild/linux-arm64@0.23.1\nnpm error Invalid: lock file's @esbuild/linux-ia32@0.27.2 does not satisfy @esbuild/linux-ia32@0.23.1\nnpm error Invalid: lock file's @esbuild/linux-loong64@0.27.2 does not satisfy @esbuild/linux-loong64@0.23.1\nnpm error Invalid: lock file's @esbuild/linux-mips64el@0.27.2 does not satisfy @esbuild/linux-mips64el@0.23.1\nnpm error Invalid: lock file's @esbuild/linux-ppc64@0.27.2 does not satisfy @esbuild/linux-ppc64@0.23.1\nnpm error Invalid: lock file's @esbuild/linux-riscv64@0.27.2 does not satisfy @esbuild/linux-riscv64@0.23.1\nnpm error Invalid: lock file's @esbuild/linux-s390x@0.27.2 does not satisfy @esbuild/linux-s390x@0.23.1\nnpm error Invalid: lock file's @esbuild/linux-x64@0.27.2 does not satisfy @esbuild/linux-x64@0.23.1\nnpm error Invalid: lock file's @esbuild/netbsd-x64@0.27.2 does not satisfy @esbuild/netbsd-x64@0.23.1\nnpm error Invalid: lock file's @esbuild/openbsd-arm64@0.27.2 does not satisfy @esbuild/openbsd-arm64@0.23.1\nnpm error Invalid: lock file's @esbuild/openbsd-x64@0.27.2 does not satisfy @esbuild/openbsd-x64@0.23.1\nnpm error Invalid: lock file's @esbuild/sunos-x64@0.27.2 does not satisfy @esbuild/sunos-x64@0.23.1\nnpm error Invalid: lock file's @esbuild/win32-arm64@0.27.2 does not satisfy @esbuild/win32-arm64@0.23.1\nnpm error Invalid: lock file's @esbuild/win32-ia32@0.27.2 does not satisfy @esbuild/win32-ia32@0.23.1\nnpm error Invalid: lock file's @esbuild/win32-x64@0.27.2 does not satisfy @esbuild/win32-x64@0.23.1\nnpm error\nnpm error Clean install a project\nnpm error\nnpm error Usage:\nnpm error npm ci\nnpm error\nnpm error Options:\nnpm error [--install-strategy <hoisted|nested|shallow|linked>] [--legacy-bundling]\nnpm error [--global-style] [--omit <dev|optional|peer> [--omit <dev|optional|peer> ...]]\nnpm error [--include <prod|dev|optional|peer> [--include <prod|dev|optional|peer> ...]]\nnpm error [--strict-peer-deps] [--foreground-scripts] [--ignore-scripts] [--no-audit]\nnpm error [--no-bin-links] [--no-fund] [--dry-run]\nnpm error [-w|--workspace <workspace-name> [-w|--workspace <workspace-name> ...]]\nnpm error [-ws|--workspaces] [--include-workspace-root] [--install-links]\nnpm error\nnpm error aliases: clean-install, ic, install-clean, isntall-clean\nnpm error\nnpm error Run \"npm help ci\" for more info\nnpm error A complete log of this run can be found in: /www-data-home/.npm/_logs/2026-01-02T14_29_30_765Z-debug-0.log. For more details see the logs at https://console.cloud.google.com/cloud-build/builds;region=us-central1/05e7697c-25c4-4aa2-b3af-413ef468b700?project=749480647588."
    },
    "status": 3,
    "code": 3
  }
}
[debug] [2026-01-02T14:30:02.074Z] Error: Failed to update function migrateVendorPhotos in region us-central1
    at /nix/store/c776mhyhgykcld7p90ajrka149ifn61a-firebase-tools-14.26.0/lib/node_modules/firebase-tools/lib/deploy/functions/release/fabricator.js:411:19
    at process.processTicksAndRejections (node:internal/process/task_queues:95:5)
    at async Fabricator.updateV2Function (/nix/store/c776mhyhgykcld7p90ajrka149ifn61a-firebase-tools-14.26.0/lib/node_modules/firebase-tools/lib/deploy/functions/release/fabricator.js:400:32)
    at async Fabricator.updateEndpoint (/nix/store/c776mhyhgykcld7p90ajrka149ifn61a-firebase-tools-14.26.0/lib/node_modules/firebase-tools/lib/deploy/functions/release/fabricator.js:160:13)
    at async handle (/nix/store/c776mhyhgykcld7p90ajrka149ifn61a-firebase-tools-14.26.0/lib/node_modules/firebase-tools/lib/deploy/functions/release/fabricator.js:89:17)
[error] 
[error] Error: There was an error deploying functions
